rank,host,country,homepage_final_url,homepage_status,homepage_all_headers,homepage_html_file,first_internal_final_url,first_internal_status,first_internal_all_headers,first_internal_html_file,error
3,7games.bet.br,Brazil,,,,,,,,,"RuntimeError: https: Error: Page.goto: net::ERR_CONNECTION_RESET at https://7games.bet.br/
Call log:
  - navigating to ""https://7games.bet.br/"", waiting until ""load""
 ; http: Error: Page.goto: Navigation to ""http://7games.bet.br/"" is interrupted by another navigation to ""chrome-error://chromewebdata/""
Call log:
  - navigating to ""http://7games.bet.br/"", waiting until ""load""
"
1,18comic.vip,Global,,,,,,,,,"RuntimeError: https: Error: Page.goto: net::ERR_CONNECTION_RESET at https://18comic.vip/
Call log:
  - navigating to ""https://18comic.vip/"", waiting until ""load""
 ; http: Error: Page.goto: Navigation to ""http://18comic.vip/"" is interrupted by another navigation to ""chrome-error://chromewebdata/""
Call log:
  - navigating to ""http://18comic.vip/"", waiting until ""load""
"
2,255md.com,Global,,,,,,,,,"RuntimeError: https: Error: Page.goto: net::ERR_CONNECTION_RESET at https://255md.com/
Call log:
  - navigating to ""https://255md.com/"", waiting until ""load""
 ; http: Error: Page.goto: Navigation to ""http://255md.com/"" is interrupted by another navigation to ""chrome-error://chromewebdata/""
Call log:
  - navigating to ""http://255md.com/"", waiting until ""load""
"
5,abgligarchan.com,Global,https://abgligarchan.com/,200,"{""content-length"": ""8"", ""content-type"": ""application/octet-stream, text/plain"", ""date"": ""Thu, 07 May 2026 14:58:38 GMT"", ""server"": ""nginx""}",html_pages\abgligarchan_com_home.html.gz,,,,,
19,ar.xhamster.com,Global,,,,,,,,,"RuntimeError: https: Error: Page.goto: net::ERR_CONNECTION_RESET at https://ar.xhamster.com/
Call log:
  - navigating to ""https://ar.xhamster.com/"", waiting until ""load""
 ; http: Error: Page.goto: net::ERR_CONNECTION_RESET at http://ar.xhamster.com/
Call log:
  - navigating to ""http://ar.xhamster.com/"", waiting until ""load""
"
13,amp.xnxx.com,Global,,,,,,,,,"RuntimeError: https: Error: Page.goto: net::ERR_CONNECTION_RESET at https://amp.xnxx.com/
Call log:
  - navigating to ""https://amp.xnxx.com/"", waiting until ""load""
 ; http: Error: Page.goto: Navigation to ""http://amp.xnxx.com/"" is interrupted by another navigation to ""chrome-error://chromewebdata/""
Call log:
  - navigating to ""http://amp.xnxx.com/"", waiting until ""load""
"
20,ara.xhamster.com,Global,,,,,,,,,"RuntimeError: https: Error: Page.goto: net::ERR_CONNECTION_RESET at https://ara.xhamster.com/
Call log:
  - navigating to ""https://ara.xhamster.com/"", waiting until ""load""
 ; http: Error: Page.goto: net::ERR_CONNECTION_RESET at http://ara.xhamster.com/
Call log:
  - navigating to ""http://ara.xhamster.com/"", waiting until ""load""
"
15,aniwatchtv.to,Tonga,,,,,,,,,"RuntimeError: https: Error: Page.goto: net::ERR_CONNECTION_RESET at https://aniwatchtv.to/
Call log:
  - navigating to ""https://aniwatchtv.to/"", waiting until ""load""
 ; http: Error: Page.goto: Navigation to ""http://aniwatchtv.to/"" is interrupted by another navigation to ""chrome-error://chromewebdata/""
Call log:
  - navigating to ""http://aniwatchtv.to/"", waiting until ""load""
"
14,an1.com,Global,,,,,,,,,"RuntimeError: https: Error: Page.goto: net::ERR_CONNECTION_RESET at https://an1.com/
Call log:
  - navigating to ""https://an1.com/"", waiting until ""load""
 ; http: Error: Page.goto: Navigation to ""http://an1.com/"" is interrupted by another navigation to ""chrome-error://chromewebdata/""
Call log:
  - navigating to ""http://an1.com/"", waiting until ""load""
"
26,aternos.org,Global,,,,,,,,,"RuntimeError: https: Error: Page.goto: net::ERR_CONNECTION_RESET at https://aternos.org/
Call log:
  - navigating to ""https://aternos.org/"", waiting until ""load""
 ; http: Error: Page.goto: Navigation to ""http://aternos.org/"" is interrupted by another navigation to ""chrome-error://chromewebdata/""
Call log:
  - navigating to ""http://aternos.org/"", waiting until ""load""
"
10,adsmanager.facebook.com,Global,https://business.facebook.com/business/loginpage/?next=https%3A%2F%2Fadsmanager.facebook.com%2Fadsmanager%2F%3Fnav_ref%3Dbiz_unified_f3_login_page_to_ads_manager&login_options%5B0%5D=FB&login_options%5B1%5D=SSO&login_options%5B2%5D=IG&config_ref=biz_login_tool_flavor_adsmanager,200,"{""alt-svc"": ""h3=\"":443\""; ma=86400"", ""content-encoding"": ""br"", ""content-security-policy"": ""default-src blob: 'self' *.fbcdn.net *.facebook.com facebook.com accounts.meta.com *.accounts.meta.com meta.com *.meta.com atmeta.com *.atmeta.com fbwifigateway.net *.fbwifigateway.net fb.com *.fb.com fbcdn.net fbsbx.com *.fbsbx.com cdninstagram.com *.cdninstagram.com instagram.com *.instagram.com internalfb.com *.internalfb.com mapillary.com *.mapillary.com oculuscdn.com *.oculuscdn.com oculus.com *.oculus.com threads.net *.threads.net whatsapp.com *.whatsapp.com whatsapp.net *.whatsapp.net work.meta.com *.work.meta.com workplace.com *.workplace.com www.meta.com *.www.meta.com;script-src *.facebook.com *.fbcdn.net 127.0.0.1:* blob: 'self' 'nonce-GQCI9zS8' 'wasm-unsafe-eval' https://apis.google.com https://accounts.google.com/gsi/client;style-src data: blob: 'unsafe-inline' *.fbcdn.net *.facebook.com facebook.com accounts.meta.com *.accounts.meta.com meta.com *.meta.com atmeta.com *.atmeta.com fbwifigateway.net *.fbwifigateway.net fb.com *.fb.com fbcdn.net fbsbx.com *.fbsbx.com cdninstagram.com *.cdninstagram.com instagram.com *.instagram.com internalfb.com *.internalfb.com mapillary.com *.mapillary.com oculuscdn.com *.oculuscdn.com oculus.com *.oculus.com threads.net *.threads.net whatsapp.com *.whatsapp.com whatsapp.net *.whatsapp.net work.meta.com *.work.meta.com workplace.com *.workplace.com www.meta.com *.www.meta.com;connect-src business.facebook.com business.secure.facebook.com dashi.facebook.com dashi-pc.facebook.com graph.facebook.com graph-video.facebook.com streaming-graph.facebook.com secure.facebook.com payments.facebook.com rupload.facebook.com z-m-graph.facebook.com z-p3-graph.facebook.com z-p4-graph.facebook.com upload-business.facebook.com vupload-edge-business.facebook.com vupload2-business.facebook.com 'self' *.fbcdn.net attachment.fbsbx.com blob: data: *.cdninstagram.com *.up.facebook.com *.facebook.com/tr/ *.facebook.com/ads/image facebook.com/ads/image *.dashi.facebook.com wss://*.fbcdn.net wss://*.facebook.com wss://gateway.facebook.com wss://edge-chat-latest.facebook.com wss://edge-chat.facebook.com https://edge-chat.facebook.com/mqtt/pull https://edge-chat-latest.facebook.com/mqtt/pull *.whatsapp.com/graphql/ *.facebook.com/rsrc.php/ *.facebook.com/rsrc-translations.php/ *.facebook.com/intern/rsrc.php/ *.s-static.intern.facebook.com/rsrc.php/ *.facebook.com/intern/rsrc-translations.php/ *.s-static.intern.facebook.com/rsrc-translations.php/ *.facebook.com/intern/rsrc-sourcemap.php/ *.s-static.intern.facebook.com/rsrc-sourcemap.php/ chrome-extension://pkedcjkdefgpdelpbcmbmeomcjbeemfm chrome-extension://hfaagokkkhdbgiakmmlclaapfelnkoah chrome-extension://fmfcbgogabcbclcofgocippekhfcmgfj chrome-extension://enhhojjnijigcajfphajepfemndkmdlo https://apis.google.com;font-src data: blob: 'self' *.fbcdn.net *.facebook.com facebook.com accounts.meta.com *.accounts.meta.com meta.com *.meta.com atmeta.com *.atmeta.com fbwifigateway.net *.fbwifigateway.net fb.com *.fb.com fbcdn.net fbsbx.com *.fbsbx.com cdninstagram.com *.cdninstagram.com instagram.com *.instagram.com internalfb.com *.internalfb.com mapillary.com *.mapillary.com oculuscdn.com *.oculuscdn.com oculus.com *.oculus.com threads.net *.threads.net whatsapp.com *.whatsapp.com whatsapp.net *.whatsapp.net work.meta.com *.work.meta.com workplace.com *.workplace.com www.meta.com *.www.meta.com;img-src data: blob: 'self' *.fbcdn.net *.facebook.com *.fbsbx.com *.cdninstagram.com facebook.com accounts.meta.com *.accounts.meta.com meta.com *.meta.com atmeta.com *.atmeta.com fbwifigateway.net *.fbwifigateway.net fb.com *.fb.com fbcdn.net fbsbx.com cdninstagram.com instagram.com *.instagram.com internalfb.com *.internalfb.com mapillary.com *.mapillary.com oculuscdn.com *.oculuscdn.com oculus.com *.oculus.com threads.net *.threads.net whatsapp.com *.whatsapp.com whatsapp.net *.whatsapp.net work.meta.com *.work.meta.com workplace.com *.workplace.com www.meta.com *.www.meta.com https://trustly.one/ https://*.trustly.one/ https://paywithmybank.com/ https://*.paywithmybank.com/;media-src data: blob: 'self' *.fbcdn.net *.facebook.com facebook.com accounts.meta.com *.accounts.meta.com meta.com *.meta.com atmeta.com *.atmeta.com fbwifigateway.net *.fbwifigateway.net fb.com *.fb.com fbcdn.net fbsbx.com *.fbsbx.com cdninstagram.com *.cdninstagram.com instagram.com *.instagram.com internalfb.com *.internalfb.com mapillary.com *.mapillary.com oculuscdn.com *.oculuscdn.com oculus.com *.oculus.com threads.net *.threads.net whatsapp.com *.whatsapp.com whatsapp.net *.whatsapp.net work.meta.com *.work.meta.com workplace.com *.workplace.com www.meta.com *.www.meta.com;child-src data: blob: 'self' facebook.com *.facebook.com accounts.meta.com *.accounts.meta.com meta.com *.meta.com atmeta.com *.atmeta.com fbwifigateway.net *.fbwifigateway.net fb.com *.fb.com fbcdn.net *.fbcdn.net fbsbx.com *.fbsbx.com cdninstagram.com *.cdninstagram.com instagram.com *.instagram.com internalfb.com *.internalfb.com mapillary.com *.mapillary.com oculuscdn.com *.oculuscdn.com oculus.com *.oculus.com threads.net *.threads.net whatsapp.com *.whatsapp.com whatsapp.net *.whatsapp.net work.meta.com *.work.meta.com workplace.com *.workplace.com www.meta.com *.www.meta.com;frame-src data: blob: 'self' *.facebook.com *.fbsbx.com *.fbcdn.net facebook.com accounts.meta.com *.accounts.meta.com meta.com *.meta.com atmeta.com *.atmeta.com fbwifigateway.net *.fbwifigateway.net fb.com *.fb.com fbcdn.net fbsbx.com cdninstagram.com *.cdninstagram.com instagram.com *.instagram.com internalfb.com *.internalfb.com mapillary.com *.mapillary.com oculuscdn.com *.oculuscdn.com oculus.com *.oculus.com threads.net *.threads.net whatsapp.com *.whatsapp.com whatsapp.net *.whatsapp.net work.meta.com *.work.meta.com workplace.com *.workplace.com www.meta.com *.www.meta.com content.googleapis.com content-tagmanager.googleapis.com https://trustly.one/ https://*.trustly.one/ https://paywithmybank.com/ https://*.paywithmybank.com/;manifest-src data: blob: 'self' facebook.com *.facebook.com accounts.meta.com *.accounts.meta.com meta.com *.meta.com atmeta.com *.atmeta.com fbwifigateway.net *.fbwifigateway.net fb.com *.fb.com fbcdn.net *.fbcdn.net fbsbx.com *.fbsbx.com cdninstagram.com *.cdninstagram.com instagram.com *.instagram.com internalfb.com *.internalfb.com mapillary.com *.mapillary.com oculuscdn.com *.oculuscdn.com oculus.com *.oculus.com threads.net *.threads.net whatsapp.com *.whatsapp.com whatsapp.net *.whatsapp.net work.meta.com *.work.meta.com workplace.com *.workplace.com www.meta.com *.www.meta.com;object-src data: blob: 'self' facebook.com *.facebook.com accounts.meta.com *.accounts.meta.com meta.com *.meta.com atmeta.com *.atmeta.com fbwifigateway.net *.fbwifigateway.net fb.com *.fb.com fbcdn.net *.fbcdn.net fbsbx.com *.fbsbx.com cdninstagram.com *.cdninstagram.com instagram.com *.instagram.com internalfb.com *.internalfb.com mapillary.com *.mapillary.com oculuscdn.com *.oculuscdn.com oculus.com *.oculus.com threads.net *.threads.net whatsapp.com *.whatsapp.com whatsapp.net *.whatsapp.net work.meta.com *.work.meta.com workplace.com *.workplace.com www.meta.com *.www.meta.com;worker-src data: blob: 'self' *.fbcdn.net *.facebook.com facebook.com accounts.meta.com *.accounts.meta.com meta.com *.meta.com atmeta.com *.atmeta.com fbwifigateway.net *.fbwifigateway.net fb.com *.fb.com fbcdn.net fbsbx.com *.fbsbx.com cdninstagram.com *.cdninstagram.com instagram.com *.instagram.com internalfb.com *.internalfb.com mapillary.com *.mapillary.com oculuscdn.com *.oculuscdn.com oculus.com *.oculus.com threads.net *.threads.net whatsapp.com *.whatsapp.com whatsapp.net *.whatsapp.net work.meta.com *.work.meta.com workplace.com *.workplace.com www.meta.com *.www.meta.com;block-all-mixed-content;upgrade-insecure-requests;report-uri https://www.facebook.com/csp/reporting/?m=c&minimize=0;"", ""content-type"": ""text/html; charset=\""utf-8\"""", ""cross-origin-embedder-policy-report-only"": ""require-corp;report-to=\""coep_report\"""", ""cross-origin-resource-policy"": ""same-origin"", ""date"": ""Thu, 07 May 2026 14:58:38 GMT"", ""document-policy"": ""force-load-at-top, include-js-call-stacks-in-crash-reports"", ""origin-agent-cluster"": ""?1"", ""permissions-policy"": ""accelerometer=(self \""https://*.fbsbx.com\""), attribution-reporting=(), autoplay=(), bluetooth=(), camera=(self \""https://*.fbsbx.com\""), ch-device-memory=(), ch-downlink=(), ch-dpr=(), ch-ect=(), ch-rtt=(), ch-save-data=(), ch-ua-arch=(), ch-ua-bitness=(), ch-viewport-height=(), ch-viewport-width=(), ch-width=(), clipboard-read=(self), clipboard-write=(self), compute-pressure=(), display-capture=(self), encrypted-media=(), fullscreen=(self), gamepad=(), geolocation=(self), gyroscope=(self \""https://*.fbsbx.com\""), hid=(), idle-detection=(), interest-cohort=(), keyboard-map=(), local-fonts=(), magnetometer=(), microphone=(self), midi=(), otp-credentials=(), payment=(), picture-in-picture=(), private-state-token-issuance=(), publickey-credentials-get=(self \""https://*.accounts.meta.com\"" \""https://accounts.meta.com\""), screen-wake-lock=(), serial=(), shared-storage=(), shared-storage-select-url=(), private-state-token-redemption=(), usb=(), unload=(self), window-management=(), xr-spatial-tracking=();report-to=\""permissions_policy\"""", ""report-to"": ""{\""max_age\"":86400,\""endpoints\"":[{\""url\"":\""https:\\/\\/www.facebook.com\\/browser_reporting\\/coep\\/?minimize=0\""}],\""group\"":\""coep_report\""}, {\""max_age\"":259200,\""endpoints\"":[{\""url\"":\""https:\\/\\/business.facebook.com\\/ajax\\/business_error_reports\\/?device_level=unknown&brsid=7637164465975325312&cpp=C3&cv=1039005551&st=1778165918559\""}]}, {\""max_age\"":21600,\""endpoints\"":[{\""url\"":\""https:\\/\\/www.facebook.com\\/ajax\\/browser_error_reports\\/\""}],\""group\"":\""permissions_policy\""}"", ""reporting-endpoints"": ""coep_report=\""https://www.facebook.com/browser_reporting/coep/?minimize=0\"", default=\""https://business.facebook.com/ajax/business_error_reports/?device_level=unknown&brsid=7637164465975325312&cpp=C3&cv=1039005551&st=1778165918559\"", permissions_policy=\""https://www.facebook.com/ajax/browser_error_reports/\"""", ""strict-transport-security"": ""max-age=15552000; preload"", ""vary"": ""Accept-Encoding"", ""x-content-type-options"": ""nosniff"", ""x-fb-connection-quality"": ""EXCELLENT; q=0.9, rtt=21, rtx=0, c=10, mss=1250, tbw=5557, tp=-1, tpl=-1, uplat=186, ullat=0"", ""x-fb-debug"": ""83COZHkKZ7KjZC2WJP3HBZffodgK6WNQhkGZOpkZdGz0kfAYc3KkFitOrz7OrzZRZwH3G06Tady97q2rbqELAA=="", ""x-frame-options"": ""DENY"", ""x-xss-protection"": ""0""}",html_pages\adsmanager_facebook_com_home.html.gz,,,,,
23,archiveofourown.org,Global,https://archiveofourown.org/,200,"{""age"": ""1284"", ""alt-svc"": ""h3=\"":443\""; ma=86400"", ""cache-control"": ""max-age=600, public"", ""cf-cache-status"": ""HIT"", ""cf-ray"": ""9f81157fde22ea5e-FCO"", ""content-encoding"": ""br"", ""content-security-policy"": ""frame-ancestors 'self'"", ""content-type"": ""text/html; charset=utf-8"", ""date"": ""Thu, 07 May 2026 14:58:38 GMT"", ""expires"": ""Thu, 07 May 2026 14:47:14 GMT"", ""link"": ""</stylesheets/sandbox.css>; rel=preload; as=style; nopush,</javascripts/livevalidation_standalone.js>; rel=preload; as=script; nopush,</javascripts/jquery.scrollTo.min.js>; rel=preload; as=script; nopush,</javascripts/jquery.livequery.min.js>; rel=preload; as=script; nopush,</javascripts/rails.js>; rel=preload; as=script; nopush,</javascripts/application.js>; rel=preload; as=script; nopush,</javascripts/bootstrap/bootstrap-dropdown.min.js>; rel=preload; as=script; nopush,</javascripts/jquery-shuffle.js>; rel=preload; as=script; nopush,</javascripts/jquery.tokeninput.min.js>; rel=preload; as=script; nopush,</javascripts/jquery.trap.min.js>; rel=preload; as=script; nopush,</javascripts/ao3modal.min.js>; rel=preload; as=script; nopush,</javascripts/js.cookie.min.js>; rel=preload; as=script; nopush,</javascripts/filters.min.js>; rel=preload; as=script; nopush"", ""potential_upstream"": ""unicorn_cache"", ""referrer-policy"": ""strict-origin-when-cross-origin"", ""server"": ""cloudflare"", ""set-cookie"": ""__cf_bm=26IH1yg_LgBXUBUh59SbCTDRvLq.Tx6bfVMm3U30HnU-1778165918.696656-1.0.1.1-zruKL6Nnt.y_4vRSauuAnV_s4ZqbPMHET49WkAHRkxTmFclWL7XJ4y_qwdhN7Doeu8eRKXGPkscVQail2hrafUuFLapo.H8F_tFYeXBHx1iO8i6eugu50lRuQLLNh4B9; HttpOnly; Secure; Path=/; Domain=archiveofourown.org; Expires=Thu, 07 May 2026 15:28:38 GMT"", ""vary"": ""accept-encoding"", ""x-ao3-caching-backend"": ""unicorn_story, unicorn_cache_tmpfs"", ""x-ao3-priority"": ""1800"", ""x-aooo-debug1"": ""Archive Unicorn"", ""x-clacks-overhead"": ""GNU Terry Pratchett"", ""x-content-type-options"": ""nosniff"", ""x-frame-options"": ""SAMEORIGIN"", ""x-hostname"": ""ao3-front10"", ""x-permitted-cross-domain-policies"": ""none"", ""x-proxy-cache"": ""EXPIRED, HIT"", ""x-request-id"": ""51dcf635-120c-43a0-903b-b89596849bac"", ""x-runtime"": ""0.042230"", ""x-sentry-rate"": ""0.0028"", ""x-xss-protection"": ""1; mode=block""}",html_pages\archiveofourown_org_home.html.gz,https://archiveofourown.org/users/login?return_to=%2F,200,"{""alt-svc"": ""h3=\"":443\""; ma=86400"", ""cache-control"": ""max-age=0, private, must-revalidate"", ""cf-cache-status"": ""DYNAMIC"", ""cf-ray"": ""9f8115827ace85a4-FCO"", ""content-encoding"": ""br"", ""content-security-policy"": ""frame-ancestors 'self'"", ""content-type"": ""text/html; charset=utf-8"", ""date"": ""Thu, 07 May 2026 14:58:39 GMT"", ""link"": ""</stylesheets/sandbox.css>; rel=preload; as=style; nopush,</javascripts/livevalidation_standalone.js>; rel=preload; as=script; nopush,</javascripts/jquery.scrollTo.min.js>; rel=preload; as=script; nopush,</javascripts/jquery.livequery.min.js>; rel=preload; as=script; nopush,</javascripts/rails.js>; rel=preload; as=script; nopush,</javascripts/application.js>; rel=preload; as=script; nopush,</javascripts/bootstrap/bootstrap-dropdown.min.js>; rel=preload; as=script; nopush,</javascripts/jquery-shuffle.js>; rel=preload; as=script; nopush,</javascripts/jquery.tokeninput.min.js>; rel=preload; as=script; nopush,</javascripts/jquery.trap.min.js>; rel=preload; as=script; nopush,</javascripts/ao3modal.min.js>; rel=preload; as=script; nopush,</javascripts/js.cookie.min.js>; rel=preload; as=script; nopush,</javascripts/filters.min.js>; rel=preload; as=script; nopush"", ""potential_upstream"": ""unicorn_story"", ""priority"": ""u=0,i"", ""referrer-policy"": ""strict-origin-when-cross-origin"", ""server"": ""cloudflare"", ""server-timing"": ""cfExtPri"", ""set-cookie"": ""_otwarchive_session=eyJfcmFpbHMiOnsibWVzc2FnZSI6ImV5SnpaWE56YVc5dVgybGtJam9pTldZNU5XWXlOMkU1TkRkak5tRTNPVFF4TURNM01EUTJZbVE0WkRjM1l6QWlMQ0pmWTNOeVpsOTBiMnRsYmlJNklsbENRMGgyT0ZsemJUbG9SMjFuVkVKVGRDMXZSVmhSVDBsSlprZGpUR0ZLYzB0TVpXbG5iVFppYlRBaWZRPT0iLCJleHAiOiIyMDI2LTA1LTIxVDE0OjU4OjM5LjE5MloiLCJwdXIiOiJjb29raWUuX290d2FyY2hpdmVfc2Vzc2lvbiJ9fQ%3D%3D--87ac7953ba487f0d350b740b28ad607b41d839e3; path=/; expires=Thu, 21 May 2026 14:58:39 GMT; HttpOnly; SameSite=Lax\n_cfuvid=AO2o7KSBmJU.q4IMQpQigZ1J1097PnmaxYYkhoFRQbQ-1778165919.1153939-1.0.1.1-R_USUYicOUv9XTbXywDnReNRjJSlDodvp232h7VMZlw; HttpOnly; SameSite=None; Secure; Path=/; Domain=archiveofourown.org"", ""vary"": ""accept-encoding"", ""x-ao3-priority"": ""1800"", ""x-aooo-debug1"": ""Archive Unicorn"", ""x-clacks-overhead"": ""GNU Terry Pratchett"", ""x-content-type-options"": ""nosniff"", ""x-frame-options"": ""SAMEORIGIN"", ""x-hostname"": ""ao3-front09"", ""x-permitted-cross-domain-policies"": ""none"", ""x-request-id"": ""28791e90-76b2-4c30-8f54-d79bde531219"", ""x-runtime"": ""0.023410"", ""x-sentry-rate"": ""0.0028"", ""x-xss-protection"": ""1; mode=block""}",html_pages\archiveofourown_org_internal.html.gz,
18,apps.facebook.com,Global,https://www.facebook.com/,200,"{""accept-ch"": ""viewport-width,dpr,Sec-CH-Prefers-Color-Scheme,Sec-CH-UA-Full-Version-List,Sec-CH-UA-Platform-Version,Sec-CH-UA-Model"", ""accept-ch-lifetime"": ""4838400"", ""alt-svc"": ""h3=\"":443\""; ma=86400"", ""cache-control"": ""private, no-cache, no-store, must-revalidate"", ""content-encoding"": ""br"", ""content-security-policy"": ""default-src blob: 'self' https://*.fbsbx.com *.facebook.com *.fbcdn.net *.whatsapp.com *.whatsapp.net;script-src *.facebook.com *.fbcdn.net 127.0.0.1:* 'nonce-OU41lGtg' blob: 'self' 'wasm-unsafe-eval';style-src *.fbcdn.net data: *.facebook.com 'unsafe-inline';connect-src *.facebook.com facebook.com *.fbcdn.net wss://*.facebook.com:* wss://*.whatsapp.com:* wss://*.fbcdn.net attachment.fbsbx.com ws://localhost:* blob: *.cdninstagram.com 'self' http://localhost:3103 wss://gateway.facebook.com wss://edge-chat.facebook.com wss://snaptu-d.facebook.com wss://kaios-d.facebook.com/ v.whatsapp.net *.fbsbx.com *.fb.com *.instagram.com;font-src data: *.facebook.com *.fbcdn.net *.fbsbx.com;img-src *.fbcdn.net *.facebook.com data: https://*.fbsbx.com facebook.com *.cdninstagram.com fbsbx.com fbcdn.net blob: android-webview-video-poster: *.whatsapp.net *.fb.com *.oculuscdn.com https://trustly.one/ https://*.trustly.one/ https://paywithmybank.com/ https://*.paywithmybank.com/;media-src *.cdninstagram.com blob: *.fbcdn.net *.fbsbx.com www.facebook.com *.facebook.com data:;child-src data: blob: 'self' https://*.fbsbx.com *.facebook.com *.fbcdn.net;frame-src *.facebook.com *.fbsbx.com fbsbx.com data: www.instagram.com *.fbcdn.net accounts.meta.com *.accounts.meta.com https://trustly.one/ https://*.trustly.one/ https://paywithmybank.com/ https://*.paywithmybank.com/;manifest-src data: blob: 'self' https://*.fbsbx.com *.facebook.com *.fbcdn.net;object-src data: blob: 'self' https://*.fbsbx.com *.facebook.com *.fbcdn.net;worker-src blob: *.facebook.com data:;block-all-mixed-content;upgrade-insecure-requests;report-uri https://www.facebook.com/csp/reporting/?m=c&minimize=0;"", ""content-type"": ""text/html; charset=\""utf-8\"""", ""cross-origin-embedder-policy-report-only"": ""require-corp;report-to=\""coep_report\"""", ""cross-origin-opener-policy"": ""restrict-properties"", ""cross-origin-resource-policy"": ""same-origin"", ""date"": ""Thu, 07 May 2026 14:58:38 GMT"", ""document-policy"": ""force-load-at-top, include-js-call-stacks-in-crash-reports"", ""expires"": ""Sat, 01 Jan 2000 00:00:00 GMT"", ""origin-agent-cluster"": ""?1"", ""permissions-policy"": ""accelerometer=(), attribution-reporting=(self), autoplay=(), bluetooth=(), browsing-topics=(self), camera=(self \""https://www.fbsbx.com\""), ch-device-memory=(), ch-downlink=(), ch-dpr=(), ch-ect=(), ch-rtt=(), ch-save-data=(), ch-ua-arch=(), ch-ua-bitness=(), ch-viewport-height=(), ch-viewport-width=(), ch-width=(), clipboard-read=(self), clipboard-write=(self), compute-pressure=(), display-capture=(self), encrypted-media=(self), fullscreen=(self), gamepad=*, geolocation=(self), gyroscope=(), hid=(), idle-detection=(), interest-cohort=(self), keyboard-map=(), local-fonts=(), magnetometer=(), microphone=(self), midi=(), otp-credentials=(), payment=(), picture-in-picture=(self), private-state-token-issuance=(), publickey-credentials-get=(self), screen-wake-lock=(), serial=(), shared-storage=(), shared-storage-select-url=(), private-state-token-redemption=(), usb=(), unload=(self), window-management=(), xr-spatial-tracking=(self);report-to=\""permissions_policy\"""", ""pragma"": ""no-cache"", ""report-to"": ""{\""max_age\"":2592000,\""endpoints\"":[{\""url\"":\""https:\\/\\/www.facebook.com\\/browser_reporting\\/coop\\/?minimize=0\""}],\""group\"":\""coop_report\"",\""include_subdomains\"":true}, {\""max_age\"":86400,\""endpoints\"":[{\""url\"":\""https:\\/\\/www.facebook.com\\/browser_reporting\\/coep\\/?minimize=0\""}],\""group\"":\""coep_report\""}, {\""max_age\"":259200,\""endpoints\"":[{\""url\"":\""https:\\/\\/www.facebook.com\\/ajax\\/browser_error_reports\\/?device_level=unknown&brsid=7637164464861042848&cpp=C3&cv=1039005551&st=1778165918702\""}]}, {\""max_age\"":21600,\""endpoints\"":[{\""url\"":\""https:\\/\\/www.facebook.com\\/ajax\\/browser_error_reports\\/\""}],\""group\"":\""permissions_policy\""}"", ""reporting-endpoints"": ""coop_report=\""https://www.facebook.com/browser_reporting/coop/?minimize=0\"", coep_report=\""https://www.facebook.com/browser_reporting/coep/?minimize=0\"", default=\""https://www.facebook.com/ajax/browser_error_reports/?device_level=unknown&brsid=7637164464861042848&cpp=C3&cv=1039005551&st=1778165918702\"", permissions_policy=\""https://www.facebook.com/ajax/browser_error_reports/\"""", ""strict-transport-security"": ""max-age=15552000; preload"", ""vary"": ""Accept-Encoding"", ""x-content-type-options"": ""nosniff"", ""x-fb-connection-quality"": ""EXCELLENT; q=0.9, rtt=13, rtx=0, c=10, mss=1250, tbw=4601, tp=-1, tpl=-1, uplat=160, ullat=0"", ""x-fb-debug"": ""VZoleBkfI8vKy1jybwJ1jWzpgrGXvPRhyi1tg9LAxEjA+ZvtWqzcaN2nCgjdxixRgv8UDpp8psvGMI7mnqsBGg=="", ""x-frame-options"": ""DENY"", ""x-xss-protection"": ""0""}",html_pages\apps_facebook_com_home.html.gz,,,,,
7,actu.fr,France,https://actu.fr/,200,"{""age"": ""141"", ""cache-control"": ""max-age=0"", ""cf-cache-status"": ""DYNAMIC"", ""cf-ray"": ""9f81157ddde0ea56-FCO"", ""content-encoding"": ""br"", ""content-security-policy"": ""frame-ancestors 'self' http://actu.fr https://api.actu.fr https://melody.publihebdos.demainunautrejour.com"", ""content-type"": ""text/html; charset=UTF-8"", ""date"": ""Thu, 07 May 2026 14:58:38 GMT"", ""dis-env"": ""hypercache"", ""link"": ""<https://actu.fr/static/themes/actu_v2/dist/fonts/inter/Inter-Regular.woff2>; rel=preload; as=font; type=\""font/woff2\""; crossorigin,<https://actu.fr/static/themes/actu_v2/dist/fonts/source-serif/source-serif-pro-v7-latin-regular.woff2>; rel=preload; as=font; type=\""font/woff2\""; crossorigin,<https://actu.fr/static/themes/actu_v2/dist/fonts/inter/Inter-Bold.woff2>; rel=preload; as=font; type=\""font/woff2\""; crossorigin,<https://actu.fr/static/themes/actu_v2/dist/bundles/styles.9724956a559ae70da85a.min.css>; rel=preload; as=style,<https://actu.fr/static/themes/actu_v2/dist/bundles/scripts.d1b9704ed35eeed7eaaa.min.js>; rel=preload; as=script"", ""server"": ""cloudflare"", ""strict-transport-security"": ""max-age=31536000; includeSubdomains; preload"", ""tdm-reservation"": ""1"", ""tdm-tdm-policy"": ""https://actu.fr/policies/policy.json"", ""vary"": ""Accept-Encoding"", ""x-cache"": ""HIT"", ""x-cache-age"": ""17858.886"", ""x-cache-hits"": ""205"", ""x-content-type-options"": ""nosniff"", ""x-edge-location"": ""frpar"", ""x-ua-compatible"": ""IE=Edge"", ""x-xss-protection"": ""1; mode=block""}",html_pages\actu_fr_home.html.gz,,,{},,
28,auth.platorelay.com,Global,https://auth.platorelay.com/,200,"{""age"": ""2292"", ""alt-svc"": ""h3=\"":443\""; ma=86400"", ""cache-control"": ""max-age=7200"", ""cf-cache-status"": ""HIT"", ""cf-ray"": ""9f8115814dd00e77-MXP"", ""content-encoding"": ""br"", ""content-type"": ""text/html"", ""date"": ""Thu, 07 May 2026 14:58:38 GMT"", ""last-modified"": ""Thu, 19 Feb 2026 18:35:03 GMT"", ""nel"": ""{\""report_to\"":\""cf-nel\"",\""success_fraction\"":0.0,\""max_age\"":604800}"", ""report-to"": ""{\""group\"":\""cf-nel\"",\""max_age\"":604800,\""endpoints\"":[{\""url\"":\""https://a.nel.cloudflare.com/report/v4?s=Cxjqm202JC7wQdSAFdazFN0SgqPDbTRqiBd7nsT5uhNjCf%2BVN2qb2GQI5rtTIh0vVYRHKVAq6%2B16ZZNGyNDnCgwreMlM9b3I7%2FArRSI2F8fLvFm2fPjhP1M4rp%2FQFz%2FwHrcanwZM\""}]}"", ""server"": ""cloudflare""}",html_pages\auth_platorelay_com_home.html.gz,,,,,
16,app.hubspot.com,Global,https://app.hubspot.com/home-beta,200,"{""age"": ""40517"", ""cache-control"": ""max-age=0, no-cache, no-store"", ""cf-cache-status"": ""HIT"", ""cf-ray"": ""9f811580c97fedd7-MXP"", ""content-encoding"": ""br"", ""content-security-policy-report-only"": ""script-src 'self' www.hubspot.com *.hsappstatic.net *.hs-analytics.net *.hs-banner.com *.hsforms.net *.hsleadflows.net *.hs-scripts.com *.hubspotfeedback.com *.usemessages.com js.hubspot.com js-eu1.hubspot.com *.hsadspixel.net *.hscollectedforms.net js-agent.newrelic.com bam.nr-data.net bam-cell.nr-data.net *.google-analytics.com www.googletagmanager.com 39666904.fs1.hubspotusercontent-na1.net 139786597.fs1.hubspotusercontent-eu1.net 48752163.fs1.hubspotusercontent-na1.net 241839045.fs1.hubspotusercontent-na2.net 341407039.fs1.hubspotusercontent-na3.net 441409418.fs1.hubspotusercontent-ap1.net 145747460.fs1.hubspotusercontent-eu1.net data: 'unsafe-inline' 'unsafe-eval' blob: connect.facebook.net *.fullstory.com fullstory.com; report-uri https://send.hsbrowserreports.com/csp/report?resource=home-redirect-ui/static-1.6833/html/index.html&cfRay=9f811580c97fedd7&reqUrl=https%3A%2F%2Fapp.hubspot.com%2Fhome-beta&referrer=&cfenv=prod&pdt=2026-05-07&csp=ro"", ""content-type"": ""text/html; charset=utf-8"", ""date"": ""Thu, 07 May 2026 14:58:38 GMT"", ""etag"": ""W/\""5a4f15eb18bfa73b3fa87e9477dac480\"""", ""expires"": ""Fri, 08 May 2026 14:58:38 GMT"", ""last-modified"": ""Tue, 31 Mar 2026 13:25:24 GMT"", ""nel"": ""{\""report_to\"":\""nel\"",\""max_age\"":86400}"", ""origin-trial"": ""Aqk2Dm2ZNOeMxifFm26pJzN4DTOHc1z7UYEx7QaWtHTVqsFhooI36f0r5tbw602aKbEI4WJ0fgx7+KHwlyi4HwwAAABceyJvcmlnaW4iOiJodHRwczovL2h1YnNwb3QuY29tOjQ0MyIsImZlYXR1cmUiOiJUcGNkIiwiZXhwaXJ5IjoxNzM1MzQzOTk5LCJpc1N1YmRvbWFpbiI6dHJ1ZX0="", ""report-to"": ""{\""group\"":\""default\"",\""max_age\"":86400,\""endpoints\"":[{\""url\"":\""https://send.hsbrowserreports.com/csp/reports\""}]}, {\""group\"":\""nel\"",\""max_age\"":86400,\""endpoints\"":[{\""url\"":\""https://nel.hsbrowserreports.com/browser/reporting/reports\""}]}"", ""reporting-endpoints"": ""default=\""https://send.hsbrowserreports.com/csp/reports?cfRay=9f811580c97fedd7&resource=home-redirect-ui/static-1.6833/html/index.html\"""", ""server"": ""cloudflare"", ""server-timing"": ""cfr;desc=9f811580c97fedd7, d;desc=\""home-redirect-ui#86532850-69ad-443c-9069-81511c894a3c\"""", ""strict-transport-security"": ""max-age=31536000; includeSubDomains; preload"", ""vary"": ""Accept-Encoding"", ""via"": ""1.1 bad86c53165d48d66c80e183f57163d4.cloudfront.net (CloudFront)"", ""x-amz-cf-id"": ""AEWXfW6gyhY8yeXTrcy86mhWGwucFaicVkECdYI8-yV1JOxjvNYGgA=="", ""x-amz-cf-pop"": ""FRA60-P13"", ""x-amz-replication-status"": ""COMPLETED"", ""x-amz-server-side-encryption"": ""AES256"", ""x-amz-version-id"": ""53W8_jjNhSmJM8t7gi5Yt.INUJ72sIvs"", ""x-cache"": ""Miss from cloudfront"", ""x-content-type-options"": ""no-sniff"", ""x-hs-target-asset"": ""home-redirect-ui/static-1.6833/html/index.html"", ""x-hs-worker-debug-mode"": ""false""}",html_pages\app_hubspot_com_home.html.gz,,,,,
25,asuracomic.net,Global,https://asurascans.com/,200,"{""age"": ""1435"", ""alt-svc"": ""h3=\"":443\""; ma=86400"", ""cache-control"": ""public, s-maxage=3600"", ""cf-cache-status"": ""HIT"", ""cf-ray"": ""9f81158279c129c8-FCO"", ""content-encoding"": ""br"", ""content-type"": ""text/html"", ""date"": ""Thu, 07 May 2026 14:58:39 GMT"", ""last-modified"": ""Thu, 07 May 2026 14:34:50 GMT"", ""nel"": ""{\""report_to\"":\""cf-nel\"",\""success_fraction\"":0.0,\""max_age\"":604800}"", ""report-to"": ""{\""group\"":\""cf-nel\"",\""max_age\"":604800,\""endpoints\"":[{\""url\"":\""https://a.nel.cloudflare.com/report/v4?s=%2F8sF5YolUAHCnSJ6FGy9uXCSeULqbKqa6nQsDTFmQk95Q5%2B0IDS24DyEkfLQlAIpKQ3VItZkHjlbrb0ZFkNIk72Mfmy%2BmEPO4174tfWJ96mLmyuPD78Q48cs0edTVR0RsA%3D%3D\""}]}"", ""server"": ""cloudflare"", ""speculation-rules"": ""\""/cdn-cgi/speculation\""""}",html_pages\asuracomic_net_home.html.gz,https://asurascans.com/bookmarks,200,"{""alt-svc"": ""h3=\"":443\""; ma=86400"", ""cache-control"": ""public, max-age=0, s-maxage=60, stale-while-revalidate=300"", ""cf-cache-status"": ""HIT"", ""cf-ray"": ""9f811587dc9dea35-FCO"", ""content-encoding"": ""br"", ""content-type"": ""text/html"", ""date"": ""Thu, 07 May 2026 14:58:40 GMT"", ""last-modified"": ""Thu, 07 May 2026 14:58:40 GMT"", ""nel"": ""{\""report_to\"":\""cf-nel\"",\""success_fraction\"":0.0,\""max_age\"":604800}"", ""priority"": ""u=0,i"", ""report-to"": ""{\""group\"":\""cf-nel\"",\""max_age\"":604800,\""endpoints\"":[{\""url\"":\""https://a.nel.cloudflare.com/report/v4?s=Ybd%2FP7kPuhuqivEZnqKuClAD4Cju8Z60E60STEIOgl4OctTTJj9Nyafb9YDHgHa%2BUXxE5OreJqv1y7BZwY5xhb0L0XF1zXbPtSyhd7W9VUFGZmgh%2BFFydfOXowLspYXWNg%3D%3D\""}]}"", ""server"": ""cloudflare"", ""server-timing"": ""cfExtPri"", ""speculation-rules"": ""\""/cdn-cgi/speculation\""""}",html_pages\asuracomic_net_internal.html.gz,
31,b7510.com,Global,,,,,,,,,"RuntimeError: https: Error: Page.goto: net::ERR_CONNECTION_RESET at https://b7510.com/
Call log:
  - navigating to ""https://b7510.com/"", waiting until ""load""
 ; http: Error: Page.goto: Navigation to ""http://b7510.com/"" is interrupted by another navigation to ""chrome-error://chromewebdata/""
Call log:
  - navigating to ""http://b7510.com/"", waiting until ""load""
"
4,a24.app.gree-pf.net,Global,chrome-error://chromewebdata/,200,"{""access-control-allow-credentials"": ""true"", ""access-control-allow-headers"": ""Content-Type, Authorization"", ""access-control-allow-origin"": ""https://line.bkrs2.syapp.jp"", ""content-encoding"": ""gzip"", ""content-length"": ""523"", ""content-type"": ""text/html; charset=UTF-8"", ""date"": ""Thu, 07 May 2026 14:58:39 GMT"", ""vary"": ""Accept-Encoding"", ""x-powered-by"": ""PHP/5.3.13""}",html_pages\a24_app_gree-pf_net_home.html.gz,,,,,
22,archive.org,Global,https://archive.org/,200,"{""cache-control"": ""max-age=900"", ""content-encoding"": ""gzip"", ""content-security-policy"": ""report-uri https://archive.org/services/csp-report; base-uri 'self'; default-src *; img-src * data: blob:; object-src 'none'; media-src * blob:; connect-src * data: blob:; worker-src 'self' blob:; script-src https://archive.org/offshoot_assets/ https://*.archive.org/offshoot_assets/ https://offshoot.prod.archive.org/offshoot_assets/ https://archive.org/includes/ https://*.archive.org/includes/ https://offshoot.prod.archive.org/includes/ https://archive.org/components/ https://*.archive.org/components/ https://offshoot.prod.archive.org/components/ https://archive.org/v/ https://offshoot.prod.archive.org/v/ https://offshoot.prod.archive.org/upload/app/ https://av.archive.org/ https://av.archive.org/js/ https://av.prod.archive.org/js/ https://av.dev.archive.org/ https://esm.archive.org/ https://esm.ext.archive.org/ https://polyfill.archive.org/v3/polyfill.min.js https://offshoot.prod.archive.org/ https://www.google.com/recaptcha/ https://www.gstatic.com/recaptcha/ 'sha256-CoX53XgCdkM1zegYEEpMUeYIZnv663inNm8bQv2VRbM=' https://apollo.archive.org/ https://auth.bookshare.org/ https://openlibrary.org/query.json https://emularity-engine.ux-b.archive.org/ https://emularity-config.ux-b.archive.org/ https://emularity-bios.ux-b.archive.org/ https://archive.org/services/emularity/ https://offshoot.prod.archive.org/services/emularity/ 'wasm-unsafe-eval' https://apis.google.com/ https://accounts.google.com/ https://accounts.google.com/gsi/ https://workforcenow.adp.com/ https://synerg.adp.com/; style-src 'unsafe-inline' https://archive.org/ https://*.archive.org/ https://offshoot.prod.archive.org/ https://esm.archive.org/ https://esm.ext.archive.org/ https://offshoot.prod.archive.org/ https://av.archive.org/css/ https://av.dev.archive.org/css/ https://accounts.google.com/gsi/ https://synerg.adp.com/;"", ""content-type"": ""text/html; charset=utf-8"", ""date"": ""Thu, 07 May 2026 14:58:39 GMT"", ""expires"": ""Thu, 07 May 2026 15:13:39 GMT"", ""last-modified"": ""Wed, 06 May 2026 19:56:51 GMT"", ""onion-location"": ""https://archivep75mbjunhxc6x4j5mwjmomyxb573v42baldlqu56ruil2oiad.onion/"", ""referrer-policy"": ""no-referrer-when-downgrade"", ""server"": ""nginx/1.24.0"", ""strict-transport-security"": ""max-age=15724800""}",html_pages\archive_org_home.html.gz,,,,,
9,ads.google.com,Global,https://consent.google.com/m?continue=https://ads.google.com/intl/en_IT/home/&gl=IT&m=0&pc=acm&cm=2&hl=en-US&src=1,200,"{""accept-ch"": ""Sec-CH-UA-Arch, Sec-CH-UA-Bitness, Sec-CH-UA-Full-Version, Sec-CH-UA-Full-Version-List, Sec-CH-UA-Model, Sec-CH-UA-WoW64, Sec-CH-UA-Form-Factors, Sec-CH-UA-Platform, Sec-CH-UA-Platform-Version"", ""alt-svc"": ""h3=\"":443\""; ma=2592000,h3-29=\"":443\""; ma=2592000"", ""cache-control"": ""no-cache, no-store, max-age=0, must-revalidate"", ""content-encoding"": ""gzip"", ""content-security-policy"": ""script-src 'report-sample' 'nonce-om8zUNShe8TyarjMeDmhlA' 'unsafe-inline';object-src 'none';base-uri 'self';report-uri /_/ConsentUi/cspreport;worker-src 'self', script-src 'unsafe-inline' 'unsafe-eval' blob: data: 'self' https://apis.google.com https://ssl.gstatic.com https://www.google.com https://www.googletagmanager.com https://www.gstatic.com https://www.google-analytics.com https://ssl.gstatic.com/external_hosted/lottie/lottie_light.js https://www.google.com/tools/feedback/ https://www.gstatic.com/feedback/js/ https://www.gstatic.com/inproduct_help/ https://www.gstatic.com/support/content/ https://www.gstatic.com/uservoice/feedback/client/web/live/ https://www.gstatic.com/uservoice/surveys/resources/prod/js/survey/ https://support.google.com/inapp/;report-uri /_/ConsentUi/cspreport/allowlist, require-trusted-types-for 'script';report-uri /_/ConsentUi/cspreport"", ""content-type"": ""text/html; charset=utf-8"", ""cross-origin-opener-policy"": ""unsafe-none"", ""cross-origin-resource-policy"": ""same-site"", ""date"": ""Thu, 07 May 2026 14:58:38 GMT"", ""expires"": ""Mon, 01 Jan 1990 00:00:00 GMT"", ""p3p"": ""CP=\""This is not a P3P policy! See g.co/p3phelp for more info.\"""", ""permissions-policy"": ""ch-ua-arch=*, ch-ua-bitness=*, ch-ua-full-version=*, ch-ua-full-version-list=*, ch-ua-model=*, ch-ua-wow64=*, ch-ua-form-factors=*, ch-ua-platform=*, ch-ua-platform-version=*"", ""pragma"": ""no-cache"", ""reporting-endpoints"": ""default=\""/_/ConsentUi/web-reports?context=eJwNw08oQ3EcAPD1te83yUFS_hRJKYz1tjYO8i8H-fPebFz8aStt2GVje1ZYXFjioPzJgYhcFDm4bC0hYae9zFbvvVGEycGBg5OD36c-OWGoySnRCFUlmqOyKIRZqTYKodkotA4qEHcq8MQ2nynQw77wKhQLKlSxckiF-JUKIVMapvbT0NH4CqXV76A9fQeDNQN_Oxl4LvyA7-An6Fc_YVGJ4xZ70i7hea-E4oGEIXaZ3WHTdxIayhPYzsY0D-grSuICe9mTxPmhFI57ZfyZkbFgVsabNgX3dCqOzaVRV_mIwVgnHdq7aHOvmzJ1PP36ecoWeRpY52mYDdoFWmFjGwKp7Bv7y75cWCihWkj7ZaHRgV4KmKy0dm2lymcrpZpstOy3UcOxjSLlfZQ67qPz-n5que2n5KW5OD83e_f-R6K82HZkKatCN-KddLidLo_oFqdHfV6P6PI4p9x-ly_g8jmMnLGeM3NmPdfgmOD-AciVlTg\"""", ""server"": ""ESF"", ""set-cookie"": ""__Secure-ENID=33.SE=c19S-jGxdfmvgI5TyNTVJojQEbo-I-0nABA8zYwpHxjmbc2kaNRPcC9jHzn_MT000BvhY-lYhqSbNnceP1PzhiS3VHfvIiWBmdtBqF72VjTkrHPXl6HnPGfrX5CrE9tKeBOKJ2Pmv0zuccep3vNulVra1uiWMJrKCXnzXE2pwjX93IaMsdXpkRXBr5-o-hGj2Is-ocyrH5I4k12-9trMkN1jKpwV4A9YtTmToQjKY8KSmpXaUpn09w; expires=Mon, 07-Jun-2027 07:16:56 GMT; path=/; domain=.google.com; Secure; HttpOnly; SameSite=lax"", ""x-content-type-options"": ""nosniff"", ""x-frame-options"": ""SAMEORIGIN"", ""x-ua-compatible"": ""IE=edge"", ""x-xss-protection"": ""0""}",html_pages\ads_google_com_home.html.gz,https://consent.google.com/d?continue=https://ads.google.com/intl/en_IT/home/&gl=IT&hl=en-US&cm=2&pc=acm&src=1&escs=AZ8E49BH_Z8JmulKnOFIZK7CZwpu7XZSex3q6OxaUD4aFkeyiGB9gx8BKNAiA700yaGOEa_lcBQ2tQ5MVXntUHjnQ43G1ehi0y0Q,200,"{""accept-ch"": ""Sec-CH-UA-Arch, Sec-CH-UA-Bitness, Sec-CH-UA-Full-Version, Sec-CH-UA-Full-Version-List, Sec-CH-UA-Model, Sec-CH-UA-WoW64, Sec-CH-UA-Form-Factors, Sec-CH-UA-Platform, Sec-CH-UA-Platform-Version"", ""alt-svc"": ""h3=\"":443\""; ma=2592000,h3-29=\"":443\""; ma=2592000"", ""cache-control"": ""no-cache, no-store, max-age=0, must-revalidate"", ""content-encoding"": ""gzip"", ""content-security-policy"": ""script-src 'report-sample' 'nonce-pyFSfAOgguuwgQ-zDAexwQ' 'unsafe-inline';object-src 'none';base-uri 'self';report-uri /_/ConsentUi/cspreport;worker-src 'self', script-src 'unsafe-inline' 'unsafe-eval' blob: data: 'self' https://apis.google.com https://ssl.gstatic.com https://www.google.com https://www.googletagmanager.com https://www.gstatic.com https://www.google-analytics.com https://ssl.gstatic.com/external_hosted/lottie/lottie_light.js https://www.google.com/tools/feedback/ https://www.gstatic.com/feedback/js/ https://www.gstatic.com/inproduct_help/ https://www.gstatic.com/support/content/ https://www.gstatic.com/uservoice/feedback/client/web/live/ https://www.gstatic.com/uservoice/surveys/resources/prod/js/survey/ https://support.google.com/inapp/;report-uri /_/ConsentUi/cspreport/allowlist, require-trusted-types-for 'script';report-uri /_/ConsentUi/cspreport"", ""content-type"": ""text/html; charset=utf-8"", ""cross-origin-opener-policy"": ""unsafe-none"", ""cross-origin-resource-policy"": ""same-site"", ""date"": ""Thu, 07 May 2026 14:58:39 GMT"", ""expires"": ""Mon, 01 Jan 1990 00:00:00 GMT"", ""permissions-policy"": ""ch-ua-arch=*, ch-ua-bitness=*, ch-ua-full-version=*, ch-ua-full-version-list=*, ch-ua-model=*, ch-ua-wow64=*, ch-ua-form-factors=*, ch-ua-platform=*, ch-ua-platform-version=*"", ""pragma"": ""no-cache"", ""reporting-endpoints"": ""default=\""/_/ConsentUi/web-reports?context=eJwNw00og3EYAPD18DxpOUgKK5JajbFe2uYgX-0gH-9m4zJkpQ27bGwvxRYldpiD8pHLapEDRQ5StISEnfaGrfa-oyZMDg4cnBz8f_VTnkKtUqUwa1SK_coYnLJiXQxCgRi0D0qQcErwzLYeS9DLvvAylJtl0LDpkAyJKxlC-gxMb2egs_kVKmreIf_oHRqsOfiL5CBb-gHfwU_QrX7CspTALfbQJOJ5n4jCjoghNsxG2MydiA1VD2hi44pH9JUlcYm97E3iwlAKJ7xp_JlLY0kgjTcdEka1Mo7PZ1CrfsJgvIt2R7ppM9pDuXqefv08FQg82dd5GmaDI2ZaYeMbZpLZN_aXfbmw0INsofwvC43Z-2hGb6W1ayups1ZKtdgo7LdR04GNzqr6KXXQT-fGAWq7HaDkpaG8uLAgev8jUtHe4uFJXrV21DvlcDtdHsEtzI75vB7B5XFOu_0u34zL52jkGo2cgTPouCbHJPcPw8eVIQ\"""", ""server"": ""ESF"", ""x-content-type-options"": ""nosniff"", ""x-frame-options"": ""SAMEORIGIN"", ""x-ua-compatible"": ""IE=edge"", ""x-xss-protection"": ""0""}",html_pages\ads_google_com_internal.html.gz,
21,arca.live,Global,https://arca.live/,200,"{""accept-ch"": ""sec-ch-ua,sec-ch-ua-mobile,sec-ch-ua-arch,sec-ch-ua-full-version,sec-ch-ua-platform-version,sec-ch-ua-full-version-list,sec-ch-ua-bitness,sec-ch-ua-model,sec-ch-ua-platform"", ""alt-svc"": ""h3=\"":443\""; ma=86400"", ""cf-cache-status"": ""DYNAMIC"", ""cf-ray"": ""9f81157f6e9e1498-MXP"", ""content-encoding"": ""br"", ""content-type"": ""text/html; charset=utf-8"", ""date"": ""Thu, 07 May 2026 14:58:38 GMT"", ""server"": ""cloudflare"", ""strict-transport-security"": ""max-age=31536000; includeSubDomains; preload"", ""vary"": ""Accept-Encoding"", ""x-content-type-options"": ""nosniff"", ""x-namu-source"": ""1"", ""x-xss-protection"": ""1; mode=block""}",html_pages\arca_live_home.html.gz,https://arca.live/b/live,200,"{""accept-ch"": ""sec-ch-ua,sec-ch-ua-mobile,sec-ch-ua-arch,sec-ch-ua-full-version,sec-ch-ua-platform-version,sec-ch-ua-full-version-list,sec-ch-ua-bitness,sec-ch-ua-model,sec-ch-ua-platform"", ""alt-svc"": ""h3=\"":443\""; ma=86400"", ""cf-cache-status"": ""DYNAMIC"", ""cf-ray"": ""9f8115859ec6ea40-FCO"", ""content-encoding"": ""br"", ""content-type"": ""text/html; charset=utf-8"", ""date"": ""Thu, 07 May 2026 14:58:39 GMT"", ""priority"": ""u=0,i"", ""server"": ""cloudflare"", ""server-timing"": ""cfCacheStatus;desc=\""DYNAMIC\"", cfEdge;dur=4,cfOrigin;dur=338, cfExtPri"", ""set-cookie"": ""arca.nick=%E3%85%87%E3%85%87; path=/; expires=Tue, 19 Jan 2038 03:14:07 GMT; domain=arca.live; secure; httponly\narca.nick.sig=ETcGz1yS4GbrdOJZZg18BIpnFrg; path=/; expires=Tue, 19 Jan 2038 03:14:07 GMT; domain=arca.live; secure; httponly\narca.password=0PUXN5s6; path=/; expires=Tue, 19 Jan 2038 03:14:07 GMT; domain=arca.live; secure; httponly\narca.password.sig=ouDnPhlmft-B6_itinWTiZiAfXQ; path=/; expires=Tue, 19 Jan 2038 03:14:07 GMT; domain=arca.live; secure; httponly\narca.csrf=-gC6dhOjndfZGSrB70gPDuwP; path=/; domain=arca.live; secure; httponly\narca.csrf.sig=n4RvylikrohjQ1FnGHESafaL94c; path=/; domain=arca.live; secure; httponly"", ""strict-transport-security"": ""max-age=31536000; includeSubDomains; preload"", ""vary"": ""Accept-Encoding"", ""x-content-type-options"": ""nosniff"", ""x-namu-source"": ""1"", ""x-xss-protection"": ""1; mode=block""}",html_pages\arca_live_internal.html.gz,
38,betao.bet.br,Brazil,,,,,,,,,"RuntimeError: https: Error: Page.goto: net::ERR_CONNECTION_RESET at https://betao.bet.br/
Call log:
  - navigating to ""https://betao.bet.br/"", waiting until ""load""
 ; http: Error: Page.goto: Navigation to ""http://betao.bet.br/"" is interrupted by another navigation to ""chrome-error://chromewebdata/""
Call log:
  - navigating to ""http://betao.bet.br/"", waiting until ""load""
"
37,bet.caliente.mx,Mexico,,,,,,,,,"RuntimeError: https: Error: Page.goto: net::ERR_CONNECTION_RESET at https://bet.caliente.mx/
Call log:
  - navigating to ""https://bet.caliente.mx/"", waiting until ""load""
 ; http: Error: Page.goto: Navigation to ""http://bet.caliente.mx/"" is interrupted by another navigation to ""chrome-error://chromewebdata/""
Call log:
  - navigating to ""http://bet.caliente.mx/"", waiting until ""load""
"
34,bbs.ruliweb.com,Global,,,,,,,,,"RuntimeError: https: Error: Page.goto: net::ERR_CONNECTION_RESET at https://bbs.ruliweb.com/
Call log:
  - navigating to ""https://bbs.ruliweb.com/"", waiting until ""load""
 ; http: Error: Page.goto: Navigation to ""http://bbs.ruliweb.com/"" is interrupted by another navigation to ""chrome-error://chromewebdata/""
Call log:
  - navigating to ""http://bbs.ruliweb.com/"", waiting until ""load""
"
39,bingoplus.com,Global,,,,,,,,,"RuntimeError: https: Error: Page.goto: net::ERR_CONNECTION_RESET at https://bingoplus.com/
Call log:
  - navigating to ""https://bingoplus.com/"", waiting until ""load""
 ; http: Error: Page.goto: Navigation to ""http://bingoplus.com/"" is interrupted by another navigation to ""chrome-error://chromewebdata/""
Call log:
  - navigating to ""http://bingoplus.com/"", waiting until ""load""
"
17,apps.apple.com,Global,https://apps.apple.com/us/iphone/today,200,"{""alt-svc"": ""h3=\"":443\""; ma=93600"", ""cache-control"": ""public, max-age=666"", ""content-encoding"": ""br"", ""content-length"": ""52242"", ""content-security-policy"": ""upgrade-insecure-requests; default-src 'none'; img-src 'self' https://*.apple.com https://*.mzstatic.com data:; font-src 'self' https://*.apple.com; style-src 'self' https://*.apple.com 'unsafe-inline'; script-src 'self' https://*.apple.com 'sha256-MS6/3FCg4WjP9gwgaBGwLpRCY6fZBgwmhVCdrPrNf3E=' 'sha256-tQjf8gvb2ROOMapIxFvFAYBeUJ0v1HCbOcSmDNXGtDo=' 'sha256-p7PoC97FO+Lu90RNjGWxhbm13yALSR4xzV8vaDhaQBo=' 'sha256-+5XkZFazzJo8n0iOP4ti/cLCMUudTf//Mzkb7xNPXIc='; connect-src 'self' https://*.apple.com https://*.mzstatic.com; media-src 'self' https://*.apple.com blob:; child-src 'self' https://*.apple.com; frame-src 'self' https://*.apple.com itms-appss: macappstore:; worker-src blob:; frame-ancestors 'none'; block-all-mixed-content; report-uri /api/csp-report"", ""content-type"": ""text/html"", ""date"": ""Thu, 07 May 2026 14:58:38 GMT"", ""etag"": ""\""sRncHjiJTyMCJthKmESwQXaiRov4xdGQHbF9fkHWDEI=\"""", ""link"": ""<https://is1-ssl.mzstatic.com>; rel=preconnect"", ""server"": ""daiquiri/5"", ""strict-transport-security"": ""max-age=31536000; includeSubDomains"", ""vary"": ""accept-encoding"", ""x-apple-jingle-correlation-key"": ""QFQ2XRB2NJ4JBJJHDG54SFCJQ4"", ""x-cache"": ""TCP_REFRESH_MISS from a2-16-181-245.deploy.akamaitechnologies.com (AkamaiGHost/22.5.0.1-8a6cb9ae5b7c562eeba48faa6e795939) (S)"", ""x-cache-remote"": ""TCP_IMS_HIT from a2-23-166-101.deploy.akamaitechnologies.com (AkamaiGHost/22.5.0.1-8a6cb9ae5b7c562eeba48faa6e795939) (-)"", ""x-content-type-options"": ""nosniff"", ""x-daiquiri-debug-worker-pid"": ""16957, 239"", ""x-daiquiri-instance"": ""daiquiri:10001:daiquiri-cluster-699956f4c6-kwfjw:7987:26RELEASE66:daiquiri-amp-kubernetes-shared-cluster-ak8s-prod-du2-amp-web-app-store-prod, daiquiri:10001:daiquiri-all-shared-ext-bd6d8c749-sbkbd:7987:26RELEASE66:daiquiri-amp-kubernetes-shared-ext-ak8s-prod-du2-amp-daiquiri-ingress-prod"", ""x-frame-options"": ""DENY"", ""x-original-content-length"": ""1007958"", ""x-responding-instance"": ""amp-web-app-store-server:amp-web-app-store-server-main-584bf94dbd-c85z9:4200:2618.5.0-external"", ""x-xss-protection"": ""1; mode=block""}",html_pages\apps_apple_com_home.html.gz,https://apps.apple.com/us/ipad/today,200,"{""alt-svc"": ""h3=\"":443\""; ma=93600"", ""cache-control"": ""public, max-age=771"", ""content-encoding"": ""br"", ""content-length"": ""64565"", ""content-security-policy"": ""upgrade-insecure-requests; default-src 'none'; img-src 'self' https://*.apple.com https://*.mzstatic.com data:; font-src 'self' https://*.apple.com; style-src 'self' https://*.apple.com 'unsafe-inline'; script-src 'self' https://*.apple.com 'sha256-MS6/3FCg4WjP9gwgaBGwLpRCY6fZBgwmhVCdrPrNf3E=' 'sha256-tQjf8gvb2ROOMapIxFvFAYBeUJ0v1HCbOcSmDNXGtDo=' 'sha256-p7PoC97FO+Lu90RNjGWxhbm13yALSR4xzV8vaDhaQBo=' 'sha256-+5XkZFazzJo8n0iOP4ti/cLCMUudTf//Mzkb7xNPXIc='; connect-src 'self' https://*.apple.com https://*.mzstatic.com; media-src 'self' https://*.apple.com blob:; child-src 'self' https://*.apple.com; frame-src 'self' https://*.apple.com itms-appss: macappstore:; worker-src blob:; frame-ancestors 'none'; block-all-mixed-content; report-uri /api/csp-report"", ""content-type"": ""text/html"", ""date"": ""Thu, 07 May 2026 14:58:40 GMT"", ""etag"": ""\""LiUUcQsPQfKp0cWy1699vNM6BC8u7A2kZb0qV40nsM4=\"""", ""link"": ""<https://is1-ssl.mzstatic.com>; rel=preconnect"", ""quic-version"": ""0x00000001"", ""server"": ""daiquiri/5"", ""strict-transport-security"": ""max-age=31536000; includeSubDomains"", ""vary"": ""accept-encoding"", ""x-apple-jingle-correlation-key"": ""5Q5WX2SIXD63CMGMDGS7ROFHCU"", ""x-cache"": ""TCP_REFRESH_MISS from a2-16-181-240.deploy.akamaitechnologies.com (AkamaiGHost/22.5.0.1-8a6cb9ae5b7c562eeba48faa6e795939) (S)"", ""x-cache-remote"": ""TCP_IMS_HIT from a23-206-214-132.deploy.akamaitechnologies.com (AkamaiGHost/22.5.0.1-8a6cb9ae5b7c562eeba48faa6e795939) (-)"", ""x-content-type-options"": ""nosniff"", ""x-daiquiri-debug-worker-pid"": ""19101, 282"", ""x-daiquiri-instance"": ""daiquiri:10001:daiquiri-cluster-699956f4c6-mmfjh:7987:26RELEASE66:daiquiri-amp-kubernetes-shared-cluster-ak8s-prod-du2-amp-web-app-store-prod, daiquiri:10001:daiquiri-all-shared-ext-bd6d8c749-l5vhv:7987:26RELEASE66:daiquiri-amp-kubernetes-shared-ext-ak8s-prod-du2-amp-daiquiri-ingress-prod"", ""x-frame-options"": ""DENY"", ""x-original-content-length"": ""1353223"", ""x-responding-instance"": ""amp-web-app-store-server:amp-web-app-store-server-main-584bf94dbd-4x5tb:4200:2618.5.0-external"", ""x-xss-protection"": ""1; mode=block""}",html_pages\apps_apple_com_internal.html.gz,
44,br.skokka.com,Global,,,,,,,,,"RuntimeError: https: Error: Page.goto: net::ERR_CONNECTION_RESET at https://br.skokka.com/
Call log:
  - navigating to ""https://br.skokka.com/"", waiting until ""load""
 ; http: Error: Page.goto: Navigation to ""http://br.skokka.com/"" is interrupted by another navigation to ""chrome-error://chromewebdata/""
Call log:
  - navigating to ""http://br.skokka.com/"", waiting until ""load""
"
42,boardgamearena.com,Global,,,,,,,,,"RuntimeError: https: Error: Page.goto: net::ERR_CONNECTION_RESET at https://boardgamearena.com/
Call log:
  - navigating to ""https://boardgamearena.com/"", waiting until ""load""
 ; http: Error: Page.goto: Navigation to ""http://boardgamearena.com/"" is interrupted by another navigation to ""chrome-error://chromewebdata/""
Call log:
  - navigating to ""http://boardgamearena.com/"", waiting until ""load""
"
41,blacktoon410.com,Global,https://blacktoon410.com/,403,"{""alt-svc"": ""h3=\"":443\""; ma=86400"", ""cache-control"": ""private, max-age=0, no-store, no-cache, must-revalidate, post-check=0, pre-check=0"", ""cf-ray"": ""9f811590f9eeea4e-FCO"", ""content-encoding"": ""br"", ""content-type"": ""text/html; charset=UTF-8"", ""date"": ""Thu, 07 May 2026 14:58:41 GMT"", ""expires"": ""Thu, 01 Jan 1970 00:00:01 GMT"", ""nel"": ""{\""report_to\"":\""cf-nel\"",\""success_fraction\"":0.0,\""max_age\"":604800}"", ""referrer-policy"": ""same-origin"", ""report-to"": ""{\""group\"":\""cf-nel\"",\""max_age\"":604800,\""endpoints\"":[{\""url\"":\""https://a.nel.cloudflare.com/report/v4?s=Me4wjBQSovKaCnXnunC98jBjuowzVntkkSWw%2BEQogfud3VJPFahiDdysAE%2FqqNzde%2FU1%2FWKHcSION0u4MuLw7ISt55UTtt8ZuTt3Cx0xlcCp0SHlq4J6Myqo%2FjWVdgpqgka9\""}]}"", ""server"": ""cloudflare"", ""x-frame-options"": ""SAMEORIGIN""}",html_pages\blacktoon410_com_home.html.gz,,,,,
43,botinok.porn,Global,,,,,,,,,"RuntimeError: https: Error: Page.goto: net::ERR_CONNECTION_RESET at https://botinok.porn/
Call log:
  - navigating to ""https://botinok.porn/"", waiting until ""load""
 ; http: Error: Page.goto: Navigation to ""http://botinok.porn/"" is interrupted by another navigation to ""chrome-error://chromewebdata/""
Call log:
  - navigating to ""http://botinok.porn/"", waiting until ""load""
"
45,br.xhamster.com,Global,,,,,,,,,"RuntimeError: https: Error: Page.goto: net::ERR_CONNECTION_RESET at https://br.xhamster.com/
Call log:
  - navigating to ""https://br.xhamster.com/"", waiting until ""load""
 ; http: Error: Page.goto: net::ERR_CONNECTION_RESET at http://br.xhamster.com/
Call log:
  - navigating to ""http://br.xhamster.com/"", waiting until ""load""
"
49,cardgames.io,Global,,,,,,,,,"RuntimeError: https: Error: Page.goto: net::ERR_CONNECTION_RESET at https://cardgames.io/
Call log:
  - navigating to ""https://cardgames.io/"", waiting until ""load""
 ; http: Error: Page.goto: Navigation to ""http://cardgames.io/"" is interrupted by another navigation to ""chrome-error://chromewebdata/""
Call log:
  - navigating to ""http://cardgames.io/"", waiting until ""load""
"
6,accounts.google.com,Global,https://accounts.google.com/v3/signin/identifier?continue=https%3A%2F%2Faccounts.google.com%2F&dsh=S-1909698339%3A1778165918410942&followup=https%3A%2F%2Faccounts.google.com%2F&passive=1209600&flowName=GlifWebSignIn&flowEntry=ServiceLogin&ifkv=AWa2PaumjwBIJ2bMABku5ZeyecY7KlcKYskUnYuvNPLu_Pfa939v1M72g0UAyc5N_ReMbjE2GwYfVg,200,"{""accept-ch"": ""Sec-CH-UA-Arch, Sec-CH-UA-Bitness, Sec-CH-UA-Full-Version, Sec-CH-UA-Full-Version-List, Sec-CH-UA-Model, Sec-CH-UA-WoW64, Sec-CH-UA-Form-Factors, Sec-CH-UA-Platform, Sec-CH-UA-Platform-Version"", ""alt-svc"": ""h3=\"":443\""; ma=2592000,h3-29=\"":443\""; ma=2592000"", ""cache-control"": ""no-cache, no-store, max-age=0, must-revalidate"", ""content-encoding"": ""gzip"", ""content-security-policy"": ""require-trusted-types-for 'script';report-uri /v3/signin/_/AccountsSignInUi/cspreport, script-src 'report-sample' 'nonce-S49fNRfAfcvKNbSQItVgUg' 'unsafe-inline';object-src 'none';base-uri 'self';report-uri /v3/signin/_/AccountsSignInUi/cspreport;worker-src 'self', script-src 'unsafe-inline' 'unsafe-eval' blob: data: 'self' https://apis.google.com https://ssl.gstatic.com https://www.google.com https://www.googletagmanager.com https://www.gstatic.com https://www.google-analytics.com https://www.google.com/tools/feedback/ https://www.gstatic.com/feedback/js/ https://www.gstatic.com/inproduct_help/ https://www.gstatic.com/support/content/ https://www.gstatic.com/uservoice/feedback/client/web/live/ https://www.gstatic.com/uservoice/surveys/resources/prod/js/survey/ https://support.google.com/inapp/;report-uri /v3/signin/_/AccountsSignInUi/cspreport/allowlist"", ""content-security-policy-report-only"": ""script-src 'unsafe-inline' 'unsafe-eval' blob: data: https://ajax.googleapis.com/ajax/libs/jquery/3.6.4/jquery.min.js https://translate.google.com/translate_a/element.js https://www.google.com/recaptcha/api.js https://www.google.com/recaptcha/enterprise.js https://www.gstatic.com/recaptcha/ https://www.google.com/tools/feedback/chat_load.js https://www.google.com/tools/feedback/help_api.js https://www.google.com/tools/feedback/load.js https://www.google.com/tools/feedback/open.js https://www.google.com/tools/feedback/open_to_help_guide_lazy.js https://www.gstatic.com/feedback/js/ https://www.gstatic.com/feedback/js/help/prod/service/lazy.min.js https://www.gstatic.com/inproduct_help/api/main.min.js https://www.gstatic.com/inproduct_help/chatsupport/chatsupport_button_v2.js https://www.gstatic.com/inproduct_help/service/lazy.min.js https://www.gstatic.com/uservoice/feedback/client/web/live/ https://www.gstatic.com/uservoice/surveys/resources/prod/js/survey/ https://www.gstatic.com/_/mss/boq-one-google/_/ https://www.gstatic.com/og/_/js/ https://apis.google.com/js/api.js https://apis.google.com/js/client.js https://www.googletagmanager.com/gtag/js https://www.google-analytics.com/analytics.js https://www.googletagmanager.com/gtag/destination https://www.gstatic.com/_/mss/boq-identity/_/js/k=boq-identity.AccountsSignInUi.en_US.LR4tOoY_RrE.es5.O/ https://apis.google.com/_/scs/abc-static/_/js/ https://translate.googleapis.com/_/translate_http/_/js/ https://www.gstatic.com/recaptcha/releases/;report-uri /v3/signin/_/AccountsSignInUi/cspreport/fine-allowlist"", ""content-type"": ""text/html; charset=utf-8"", ""cross-origin-opener-policy-report-only"": ""same-origin; report-to=\""AccountsSignInUi\"""", ""cross-origin-resource-policy"": ""same-site"", ""date"": ""Thu, 07 May 2026 14:58:38 GMT"", ""expires"": ""Mon, 01 Jan 1990 00:00:00 GMT"", ""permissions-policy"": ""ch-ua-arch=*, ch-ua-bitness=*, ch-ua-full-version=*, ch-ua-full-version-list=*, ch-ua-model=*, ch-ua-wow64=*, ch-ua-form-factors=*, ch-ua-platform=*, ch-ua-platform-version=*"", ""pragma"": ""no-cache"", ""report-to"": ""{\""group\"":\""AccountsSignInUi\"",\""max_age\"":2592000,\""endpoints\"":[{\""url\"":\""https://csp.withgoogle.com/csp/report-to/AccountsSignInUi\""}]}"", ""reporting-endpoints"": ""default=\""/v3/signin/_/AccountsSignInUi/web-reports?context=eJwNw1tIk3EcBuCx9nuJITHKSnYRMYhaMFvDllAhMkKsHb6v_yIIajo2cSFbffsUOlys40UXgaYuvIiIoDIqiE50UTdJWqipq5ZlV3YQi2zY6GJR7wOPfXHJRrvTojY4LU9dT6yNB2atO7m_as46wGffj8lFNq-Oyyk-z5d4x-BraeT2lgnp4M1rJ6WBMwOTkuXgvinRuLu6IH1s1BQkx-76gng4fuWNtPFzd1GGuXSsKI7jRQmUi9LEq6Y_iJNHCh9llC3rZ8TGDfkZCXAl1wzLyWZ8a9qN73zfE8Rjvj4VRM-XIPrZXRuCh_enQjjI5WwINjOE-XNh_OTh3jDe8iyX-FZfGHd5a3cE2_jOwwjuse1HBE5dwxpex272sZ9bDmlI8M3TGm7zNH_i9CMNBg-90zDCLyoaXvGWqI4Av-zQMcbXLui4wZlnOrKcG9Vxhu0P9mAZL6xUWGRHjUI197gU8vzLr_Cbd21XCPPgXoXPrQpz_IcrvCKusJq__lWY565_CpkTUQTzUSyvWnp5ojQOx0I532t1bYpnjsRSiWTaTJlH24xM2kymE62dZntnKps0upJGzOf1-b11vvpab13ssPc_MOzSDw\"""", ""server"": ""ESF"", ""strict-transport-security"": ""max-age=31536000; includeSubDomains"", ""vary"": ""Sec-Fetch-Dest, Sec-Fetch-Mode, Sec-Fetch-Site"", ""x-auto-login"": ""realm=com.google&args=continue%3Dhttps://accounts.google.com/"", ""x-content-type-options"": ""nosniff"", ""x-frame-options"": ""DENY"", ""x-ua-compatible"": ""IE=edge"", ""x-xss-protection"": ""0""}",html_pages\accounts_google_com_home.html.gz,https://policies.google.com/privacy?gl=IT&hl=en-US,200,"{""accept-ch"": ""Sec-CH-UA-Arch, Sec-CH-UA-Bitness, Sec-CH-UA-Full-Version, Sec-CH-UA-Full-Version-List, Sec-CH-UA-Model, Sec-CH-UA-WoW64, Sec-CH-UA-Form-Factors, Sec-CH-UA-Platform, Sec-CH-UA-Platform-Version"", ""alt-svc"": ""h3=\"":443\""; ma=2592000,h3-29=\"":443\""; ma=2592000"", ""cache-control"": ""no-cache, no-store, max-age=0, must-revalidate"", ""content-encoding"": ""gzip"", ""content-security-policy"": ""require-trusted-types-for 'script';report-uri /_/IdentityPoliciesUi/cspreport, script-src 'report-sample' 'nonce-UTiKqoinmkNjKJ5bbNCCNQ' 'unsafe-inline';object-src 'none';base-uri 'self';report-uri /_/IdentityPoliciesUi/cspreport;worker-src 'self', script-src 'unsafe-inline' 'unsafe-eval' blob: data: 'self' https://apis.google.com https://ssl.gstatic.com https://www.google.com https://www.googletagmanager.com https://www.gstatic.com https://www.google-analytics.com https://www.google.com/tools/feedback/ https://www.gstatic.com/feedback/js/ https://www.gstatic.com/inproduct_help/ https://www.gstatic.com/support/content/ https://www.gstatic.com/uservoice/feedback/client/web/live/ https://www.gstatic.com/uservoice/surveys/resources/prod/js/survey/ https://support.google.com/inapp/ https://www.googleapis.com/appsmarket/v2/installedApps/;report-uri /_/IdentityPoliciesUi/cspreport/allowlist"", ""content-type"": ""text/html; charset=utf-8"", ""cross-origin-opener-policy"": ""unsafe-none"", ""cross-origin-resource-policy"": ""same-site"", ""date"": ""Thu, 07 May 2026 14:58:39 GMT"", ""expires"": ""Mon, 01 Jan 1990 00:00:00 GMT"", ""p3p"": ""CP=\""This is not a P3P policy! See g.co/p3phelp for more info.\"""", ""permissions-policy"": ""ch-ua-arch=*, ch-ua-bitness=*, ch-ua-full-version=*, ch-ua-full-version-list=*, ch-ua-model=*, ch-ua-wow64=*, ch-ua-form-factors=*, ch-ua-platform=*, ch-ua-platform-version=*"", ""pragma"": ""no-cache"", ""reporting-endpoints"": ""default=\""/_/IdentityPoliciesUi/web-reports?context=eJzj2sCoxSXF4KQhxbBBaQfTaqvdTK03z7FOBuKSRedZm4C4C4hnALGhwiVWeyAukrjC2gDEn6pusApU32DdtesOa-L9O6yqy--ybjvjyXbgiydb4Bcftm_FvmwsJb5sJ6b4sV0D4idA_AmIDfb6sSUw-rMV8_izPUzzZ_tb7M_G0-PPxvLWn-0udwBb6O0AtkO2gWymIYFszkDMcjyQjfVSIJvM80A2s5gQNiEejvkXP51nE2j4cGsqk5JmUn5hfGZKal5JZkllQX5OZnJmanFxalFZalG8kYGRmYGpgZmegUl8gQEA1BhXHg\"""", ""server"": ""ESF"", ""set-cookie"": ""__Secure-ENID=33.SE=PBsQFN7V_Jitqi6EcHYd19h8xRD21iycv798HZDsbWb-949pm8q_a71NoqJEKCbMdIVlafLGN6SBAsAkTKYpanv3-WECUamqrwmHZqTc76-XIQNWTOka1_tWGXLG25oWRPUjoGohkNhkX_6cmkRGh7ar3CHOkjJxM15ukkdzLjd2fhDES1rhienYnvA12Ww40aSvkRlI7Ns5OFVpmsSwz2OU8RFFl6mBt3QsFOtSvm_pwaV3_V0TCNY; expires=Mon, 07-Jun-2027 07:16:57 GMT; path=/; domain=.google.com; Secure; HttpOnly; SameSite=lax"", ""vary"": ""Sec-Fetch-Dest, Sec-Fetch-Mode, Sec-Fetch-Site"", ""x-content-type-options"": ""nosniff"", ""x-ua-compatible"": ""IE=edge"", ""x-xss-protection"": ""0""}",html_pages\accounts_google_com_internal.html.gz,
50,cdn.ak2yy.com,Global,,,,,,,,,"RuntimeError: https: Error: Page.goto: net::ERR_CONNECTION_RESET at https://cdn.ak2yy.com/
Call log:
  - navigating to ""https://cdn.ak2yy.com/"", waiting until ""load""
 ; http: Error: Page.goto: Navigation to ""http://cdn.ak2yy.com/"" is interrupted by another navigation to ""chrome-error://chromewebdata/""
Call log:
  - navigating to ""http://cdn.ak2yy.com/"", waiting until ""load""
"
52,cdn.gfpxw.com,Global,,,,,,,,,"RuntimeError: https: Error: Page.goto: net::ERR_CONNECTION_RESET at https://cdn.gfpxw.com/
Call log:
  - navigating to ""https://cdn.gfpxw.com/"", waiting until ""load""
 ; http: Error: Page.goto: Navigation to ""http://cdn.gfpxw.com/"" is interrupted by another navigation to ""chrome-error://chromewebdata/""
Call log:
  - navigating to ""http://cdn.gfpxw.com/"", waiting until ""load""
"
53,cdn.pla3.com,Global,,,,,,,,,"RuntimeError: https: Error: Page.goto: net::ERR_CONNECTION_RESET at https://cdn.pla3.com/
Call log:
  - navigating to ""https://cdn.pla3.com/"", waiting until ""load""
 ; http: Error: Page.goto: Navigation to ""http://cdn.pla3.com/"" is interrupted by another navigation to ""chrome-error://chromewebdata/""
Call log:
  - navigating to ""http://cdn.pla3.com/"", waiting until ""load""
"
56,chaturbate.com,Global,,,,,,,,,"RuntimeError: https: Error: Page.goto: net::ERR_CONNECTION_RESET at https://chaturbate.com/
Call log:
  - navigating to ""https://chaturbate.com/"", waiting until ""load""
 ; http: Error: Page.goto: net::ERR_CONNECTION_RESET at http://chaturbate.com/
Call log:
  - navigating to ""http://chaturbate.com/"", waiting until ""load""
"
46,business.facebook.com,Global,https://business.facebook.com/business/loginpage/?next=https%3A%2F%2Fbusiness.facebook.com%2F%3Fnav_ref%3Dbiz_unified_f3_login_page_to_mbs&login_options%5B0%5D=FB&login_options%5B1%5D=IG&login_options%5B2%5D=SSO&config_ref=biz_login_tool_flavor_mbs,200,"{""alt-svc"": ""h3=\"":443\""; ma=86400"", ""content-encoding"": ""br"", ""content-security-policy"": ""default-src blob: 'self' *.fbcdn.net *.facebook.com facebook.com accounts.meta.com *.accounts.meta.com meta.com *.meta.com atmeta.com *.atmeta.com fbwifigateway.net *.fbwifigateway.net fb.com *.fb.com fbcdn.net fbsbx.com *.fbsbx.com cdninstagram.com *.cdninstagram.com instagram.com *.instagram.com internalfb.com *.internalfb.com mapillary.com *.mapillary.com oculuscdn.com *.oculuscdn.com oculus.com *.oculus.com threads.net *.threads.net whatsapp.com *.whatsapp.com whatsapp.net *.whatsapp.net work.meta.com *.work.meta.com workplace.com *.workplace.com www.meta.com *.www.meta.com;script-src *.facebook.com *.fbcdn.net 127.0.0.1:* blob: 'self' 'nonce-N52zRokN' 'wasm-unsafe-eval' https://apis.google.com https://accounts.google.com/gsi/client;style-src data: blob: 'unsafe-inline' *.fbcdn.net *.facebook.com facebook.com accounts.meta.com *.accounts.meta.com meta.com *.meta.com atmeta.com *.atmeta.com fbwifigateway.net *.fbwifigateway.net fb.com *.fb.com fbcdn.net fbsbx.com *.fbsbx.com cdninstagram.com *.cdninstagram.com instagram.com *.instagram.com internalfb.com *.internalfb.com mapillary.com *.mapillary.com oculuscdn.com *.oculuscdn.com oculus.com *.oculus.com threads.net *.threads.net whatsapp.com *.whatsapp.com whatsapp.net *.whatsapp.net work.meta.com *.work.meta.com workplace.com *.workplace.com www.meta.com *.www.meta.com;connect-src business.facebook.com business.secure.facebook.com dashi.facebook.com dashi-pc.facebook.com graph.facebook.com graph-video.facebook.com streaming-graph.facebook.com secure.facebook.com payments.facebook.com rupload.facebook.com z-m-graph.facebook.com z-p3-graph.facebook.com z-p4-graph.facebook.com upload-business.facebook.com vupload-edge-business.facebook.com vupload2-business.facebook.com 'self' *.fbcdn.net attachment.fbsbx.com blob: data: *.cdninstagram.com *.up.facebook.com *.facebook.com/tr/ *.facebook.com/ads/image facebook.com/ads/image *.dashi.facebook.com wss://*.fbcdn.net wss://*.facebook.com wss://gateway.facebook.com wss://edge-chat-latest.facebook.com wss://edge-chat.facebook.com https://edge-chat.facebook.com/mqtt/pull https://edge-chat-latest.facebook.com/mqtt/pull *.whatsapp.com/graphql/ *.facebook.com/rsrc.php/ *.facebook.com/rsrc-translations.php/ *.facebook.com/intern/rsrc.php/ *.s-static.intern.facebook.com/rsrc.php/ *.facebook.com/intern/rsrc-translations.php/ *.s-static.intern.facebook.com/rsrc-translations.php/ *.facebook.com/intern/rsrc-sourcemap.php/ *.s-static.intern.facebook.com/rsrc-sourcemap.php/ chrome-extension://pkedcjkdefgpdelpbcmbmeomcjbeemfm chrome-extension://hfaagokkkhdbgiakmmlclaapfelnkoah chrome-extension://fmfcbgogabcbclcofgocippekhfcmgfj chrome-extension://enhhojjnijigcajfphajepfemndkmdlo https://apis.google.com;font-src data: blob: 'self' *.fbcdn.net *.facebook.com facebook.com accounts.meta.com *.accounts.meta.com meta.com *.meta.com atmeta.com *.atmeta.com fbwifigateway.net *.fbwifigateway.net fb.com *.fb.com fbcdn.net fbsbx.com *.fbsbx.com cdninstagram.com *.cdninstagram.com instagram.com *.instagram.com internalfb.com *.internalfb.com mapillary.com *.mapillary.com oculuscdn.com *.oculuscdn.com oculus.com *.oculus.com threads.net *.threads.net whatsapp.com *.whatsapp.com whatsapp.net *.whatsapp.net work.meta.com *.work.meta.com workplace.com *.workplace.com www.meta.com *.www.meta.com;img-src data: blob: 'self' *.fbcdn.net *.facebook.com *.fbsbx.com *.cdninstagram.com facebook.com accounts.meta.com *.accounts.meta.com meta.com *.meta.com atmeta.com *.atmeta.com fbwifigateway.net *.fbwifigateway.net fb.com *.fb.com fbcdn.net fbsbx.com cdninstagram.com instagram.com *.instagram.com internalfb.com *.internalfb.com mapillary.com *.mapillary.com oculuscdn.com *.oculuscdn.com oculus.com *.oculus.com threads.net *.threads.net whatsapp.com *.whatsapp.com whatsapp.net *.whatsapp.net work.meta.com *.work.meta.com workplace.com *.workplace.com www.meta.com *.www.meta.com https://trustly.one/ https://*.trustly.one/ https://paywithmybank.com/ https://*.paywithmybank.com/;media-src data: blob: 'self' *.fbcdn.net *.facebook.com facebook.com accounts.meta.com *.accounts.meta.com meta.com *.meta.com atmeta.com *.atmeta.com fbwifigateway.net *.fbwifigateway.net fb.com *.fb.com fbcdn.net fbsbx.com *.fbsbx.com cdninstagram.com *.cdninstagram.com instagram.com *.instagram.com internalfb.com *.internalfb.com mapillary.com *.mapillary.com oculuscdn.com *.oculuscdn.com oculus.com *.oculus.com threads.net *.threads.net whatsapp.com *.whatsapp.com whatsapp.net *.whatsapp.net work.meta.com *.work.meta.com workplace.com *.workplace.com www.meta.com *.www.meta.com;child-src data: blob: 'self' facebook.com *.facebook.com accounts.meta.com *.accounts.meta.com meta.com *.meta.com atmeta.com *.atmeta.com fbwifigateway.net *.fbwifigateway.net fb.com *.fb.com fbcdn.net *.fbcdn.net fbsbx.com *.fbsbx.com cdninstagram.com *.cdninstagram.com instagram.com *.instagram.com internalfb.com *.internalfb.com mapillary.com *.mapillary.com oculuscdn.com *.oculuscdn.com oculus.com *.oculus.com threads.net *.threads.net whatsapp.com *.whatsapp.com whatsapp.net *.whatsapp.net work.meta.com *.work.meta.com workplace.com *.workplace.com www.meta.com *.www.meta.com;frame-src data: blob: 'self' *.facebook.com *.fbsbx.com *.fbcdn.net facebook.com accounts.meta.com *.accounts.meta.com meta.com *.meta.com atmeta.com *.atmeta.com fbwifigateway.net *.fbwifigateway.net fb.com *.fb.com fbcdn.net fbsbx.com cdninstagram.com *.cdninstagram.com instagram.com *.instagram.com internalfb.com *.internalfb.com mapillary.com *.mapillary.com oculuscdn.com *.oculuscdn.com oculus.com *.oculus.com threads.net *.threads.net whatsapp.com *.whatsapp.com whatsapp.net *.whatsapp.net work.meta.com *.work.meta.com workplace.com *.workplace.com www.meta.com *.www.meta.com content.googleapis.com content-tagmanager.googleapis.com https://trustly.one/ https://*.trustly.one/ https://paywithmybank.com/ https://*.paywithmybank.com/;manifest-src data: blob: 'self' facebook.com *.facebook.com accounts.meta.com *.accounts.meta.com meta.com *.meta.com atmeta.com *.atmeta.com fbwifigateway.net *.fbwifigateway.net fb.com *.fb.com fbcdn.net *.fbcdn.net fbsbx.com *.fbsbx.com cdninstagram.com *.cdninstagram.com instagram.com *.instagram.com internalfb.com *.internalfb.com mapillary.com *.mapillary.com oculuscdn.com *.oculuscdn.com oculus.com *.oculus.com threads.net *.threads.net whatsapp.com *.whatsapp.com whatsapp.net *.whatsapp.net work.meta.com *.work.meta.com workplace.com *.workplace.com www.meta.com *.www.meta.com;object-src data: blob: 'self' facebook.com *.facebook.com accounts.meta.com *.accounts.meta.com meta.com *.meta.com atmeta.com *.atmeta.com fbwifigateway.net *.fbwifigateway.net fb.com *.fb.com fbcdn.net *.fbcdn.net fbsbx.com *.fbsbx.com cdninstagram.com *.cdninstagram.com instagram.com *.instagram.com internalfb.com *.internalfb.com mapillary.com *.mapillary.com oculuscdn.com *.oculuscdn.com oculus.com *.oculus.com threads.net *.threads.net whatsapp.com *.whatsapp.com whatsapp.net *.whatsapp.net work.meta.com *.work.meta.com workplace.com *.workplace.com www.meta.com *.www.meta.com;worker-src data: blob: 'self' *.fbcdn.net *.facebook.com facebook.com accounts.meta.com *.accounts.meta.com meta.com *.meta.com atmeta.com *.atmeta.com fbwifigateway.net *.fbwifigateway.net fb.com *.fb.com fbcdn.net fbsbx.com *.fbsbx.com cdninstagram.com *.cdninstagram.com instagram.com *.instagram.com internalfb.com *.internalfb.com mapillary.com *.mapillary.com oculuscdn.com *.oculuscdn.com oculus.com *.oculus.com threads.net *.threads.net whatsapp.com *.whatsapp.com whatsapp.net *.whatsapp.net work.meta.com *.work.meta.com workplace.com *.workplace.com www.meta.com *.www.meta.com;block-all-mixed-content;upgrade-insecure-requests;report-uri https://www.facebook.com/csp/reporting/?m=c&minimize=0;"", ""content-type"": ""text/html; charset=\""utf-8\"""", ""cross-origin-embedder-policy-report-only"": ""require-corp;report-to=\""coep_report\"""", ""cross-origin-resource-policy"": ""same-origin"", ""date"": ""Thu, 07 May 2026 14:58:42 GMT"", ""document-policy"": ""force-load-at-top, include-js-call-stacks-in-crash-reports"", ""origin-agent-cluster"": ""?1"", ""permissions-policy"": ""accelerometer=(self \""https://*.fbsbx.com\""), attribution-reporting=(), autoplay=(), bluetooth=(), camera=(self \""https://*.fbsbx.com\""), ch-device-memory=(), ch-downlink=(), ch-dpr=(), ch-ect=(), ch-rtt=(), ch-save-data=(), ch-ua-arch=(), ch-ua-bitness=(), ch-viewport-height=(), ch-viewport-width=(), ch-width=(), clipboard-read=(self), clipboard-write=(self), compute-pressure=(), display-capture=(self), encrypted-media=(), fullscreen=(self), gamepad=(), geolocation=(self), gyroscope=(self \""https://*.fbsbx.com\""), hid=(), idle-detection=(), interest-cohort=(), keyboard-map=(), local-fonts=(), magnetometer=(), microphone=(self), midi=(), otp-credentials=(), payment=(), picture-in-picture=(), private-state-token-issuance=(), publickey-credentials-get=(self \""https://*.accounts.meta.com\"" \""https://accounts.meta.com\""), screen-wake-lock=(), serial=(), shared-storage=(), shared-storage-select-url=(), private-state-token-redemption=(), usb=(), unload=(self), window-management=(), xr-spatial-tracking=();report-to=\""permissions_policy\"""", ""report-to"": ""{\""max_age\"":86400,\""endpoints\"":[{\""url\"":\""https:\\/\\/www.facebook.com\\/browser_reporting\\/coep\\/?minimize=0\""}],\""group\"":\""coep_report\""}, {\""max_age\"":259200,\""endpoints\"":[{\""url\"":\""https:\\/\\/business.facebook.com\\/ajax\\/business_error_reports\\/?device_level=unknown&brsid=7637164483804631130&cpp=C3&cv=1039005551&st=1778165922304\""}]}, {\""max_age\"":21600,\""endpoints\"":[{\""url\"":\""https:\\/\\/www.facebook.com\\/ajax\\/browser_error_reports\\/\""}],\""group\"":\""permissions_policy\""}"", ""reporting-endpoints"": ""coep_report=\""https://www.facebook.com/browser_reporting/coep/?minimize=0\"", default=\""https://business.facebook.com/ajax/business_error_reports/?device_level=unknown&brsid=7637164483804631130&cpp=C3&cv=1039005551&st=1778165922304\"", permissions_policy=\""https://www.facebook.com/ajax/browser_error_reports/\"""", ""strict-transport-security"": ""max-age=15552000; preload"", ""vary"": ""Accept-Encoding"", ""x-content-type-options"": ""nosniff"", ""x-fb-connection-quality"": ""EXCELLENT; q=0.9, rtt=26, rtx=0, c=10, mss=1250, tbw=5637, tp=-1, tpl=-1, uplat=195, ullat=0"", ""x-fb-debug"": ""1OOmKjRCBzUi9KCG5qH3MRTC+KxHXDKCyM0pZCpVIj7zQLWgAanc92OnTaB/rudqTXH9opbQ7Ilu1+fsxrBnFg=="", ""x-frame-options"": ""DENY"", ""x-xss-protection"": ""0""}",html_pages\business_facebook_com_home.html.gz,,,,,
8,admin.shopify.com,Global,https://accounts.shopify.com/lookup?rid=96c8ce01-a933-4f76-a712-ef46fb1bc616&verify=1778165919-uvMF51DtkMhuOw81bIH8gTpxVCUdTPL0aK5CAGVLnmU%3D,200,"{""alt-svc"": ""h3=\"":443\""; ma=86400"", ""cache-control"": ""no-cache,no-store,must-revalidate,max-age=0"", ""cf-cache-status"": ""DYNAMIC"", ""cf-ray"": ""9f81157dd9afea6a-FCO"", ""content-encoding"": ""gzip"", ""content-security-policy"": ""default-src 'none';img-src 'self' data: blob: https:;script-src 'self' 'strict-dynamic' 'nonce-+WChE7eAbEyAiK0tbWKDkw==' 'report-sample' https: 'unsafe-inline' 'unsafe-eval';style-src 'self' data: blob: 'unsafe-inline' 'report-sample' https:;font-src 'self' data: blob: https:;media-src 'self' data: blob: https:;connect-src https: wss: blob: data:;upgrade-insecure-requests;report-to shopify-csp;frame-src blob: https: https://localhost:*;object-src https:;worker-src 'self' blob:"", ""content-type"": ""text/html; charset=utf-8"", ""date"": ""Thu, 07 May 2026 14:58:38 GMT"", ""nel"": ""{\""success_fraction\"":0.01,\""report_to\"":\""cf-nel\"",\""max_age\"":604800}"", ""referrer-policy"": ""origin-when-cross-origin"", ""report-to"": ""{\""endpoints\"":[{\""url\"":\""https:\\/\\/a.nel.cloudflare.com\\/report\\/v4?s=8VaGMYD1oLioXn%2FhhlCsosQfCQXiMf59c%2BJPtQ7BDxNvBaUvhzarouwJ0pGw49sgACxnEPisFWVyrwURaBfiKihjOwRWpZs3uKrqOQ2L4hkAA8fwJYQJL%2FJ0oiklWbtirqGh\""}],\""group\"":\""cf-nel\"",\""max_age\"":604800}"", ""reporting-endpoints"": ""shopify-csp=\""https://security-reports.shopifysvc.com/reporting-api?source_app=admin-web\"""", ""server"": ""cloudflare"", ""server-timing"": ""cfRequestDuration;dur=171.000004"", ""set-cookie"": ""koa.sid=hGvxYE5c_IFr2P8br-OEiaIFJE1SrI6H; path=/; expires=Fri, 08 May 2026 14:58:38 GMT; secure; httponly\nkoa.sid.sig=uzOz1NPpSuk3wHdC-hK2SgmG35o; path=/; expires=Fri, 08 May 2026 14:58:38 GMT; secure; httponly"", ""shopify-web-runtime"": ""web"", ""strict-transport-security"": ""max-age=15552000; includeSubDomains; preload"", ""vary"": ""Accept-Encoding"", ""x-content-type-options"": ""nosniff"", ""x-dc"": ""gcp-europe-west1,gcp-us-east1"", ""x-download-options"": ""noopen"", ""x-frame-options"": ""DENY"", ""x-request-id"": ""75b2479a-2639-4fd2-9238-d7313080b7be-1778165918"", ""x-xss-protection"": ""0""}",html_pages\admin_shopify_com_home.html.gz,https://accounts.shopify.com/login/external/apple/login?rid=96c8ce01-a933-4f76-a712-ef46fb1bc616,404,"{""alt-svc"": ""h3=\"":443\""; ma=86400"", ""cf-cache-status"": ""DYNAMIC"", ""cf-ray"": ""9f81159c1dbbe3b2-MXP"", ""content-encoding"": ""gzip"", ""content-type"": ""text/html; charset=utf-8"", ""date"": ""Thu, 07 May 2026 14:58:43 GMT"", ""nel"": ""{\""success_fraction\"":0.01,\""report_to\"":\""cf-nel\"",\""max_age\"":604800}"", ""priority"": ""u=0,i"", ""report-to"": ""{\""endpoints\"":[{\""url\"":\""https:\\/\\/a.nel.cloudflare.com\\/report\\/v4?s=Ys1oiEHM5%2FUVH70iJx20BA%2Fvfha2FkOA2BnSlqfwgRorr4%2F%2FEBaIrsfSWB4x0Akh9keOgdoM2sXEGEPKh4ZpBy9PqPw0FKW0oLdL3pRGNNXU787GJF%2Fui0pYEA2DFwmIwvqfTKP%2F\""}],\""group\"":\""cf-nel\"",\""max_age\"":604800}"", ""reporting-endpoints"": ""csp-reports=\""https://security-reports.shopifysvc.com/reporting-api?source_app=Identity&policy_id=45766\"", other=\""https://security-reports.shopifysvc.com/reporting-api?source_app=Identity&policy_id=45766\"""", ""server"": ""cloudflare"", ""server-timing"": ""processing;dur=12, socket_queue;dur=1.733, edge;dur=1.074, util;dur=0.25, cfRequestDuration;dur=141.000032, cfExtPri"", ""strict-transport-security"": ""max-age=15552000; includeSubDomains; preload"", ""vary"": ""Accept-Encoding"", ""x-content-type-options"": ""nosniff"", ""x-dc"": ""gcp-us-east1,gcp-us-east1,gcp-us-east1"", ""x-request-id"": ""271fdb50-9ba9-438a-aeb9-011e671ff57e-1778165923"", ""x-robots-tag"": ""noindex,nofollow""}",html_pages\admin_shopify_com_internal.html.gz,
51,cdn.aucey.com,Global,https://cdn.aucey.com/,200,"{""cache-control"": ""max-age=172800"", ""content-encoding"": ""br"", ""content-type"": ""text/html; charset=utf-8"", ""date"": ""Thu, 07 May 2026 14:58:42 GMT"", ""expires"": ""Sat, 09 May 2026 14:58:42 GMT"", ""server"": ""nginx"", ""strict-transport-security"": ""max-age=1"", ""vary"": ""Accept-Encoding"", ""x-cdn-host-id"": ""DS9891"", ""x-content-type-options"": ""nosniff"", ""x-proxy-cache"": ""HIT""}",html_pages\cdn_aucey_com_home.html.gz,,,,,
27,auctions.yahoo.co.jp,Japan,https://auctions.yahoo.co.jp/,403,"{""content-length"": ""10051"", ""content-type"": ""text/html"", ""date"": ""Thu, 07 May 2026 14:58:40 GMT"", ""x-frame-options"": ""SAMEORIGIN"", ""x-z-chihaya"": ""r=1""}",html_pages\auctions_yahoo_co_jp_home.html.gz,,,,,
61,client.dkitrxmdwoqruvsi.net,Global,https://client.dkitrxmdwoqruvsi.net/,404,"{""alt-svc"": ""h3=\"":443\""; ma=86400"", ""content-encoding"": ""br"", ""content-type"": ""text/html"", ""date"": ""Thu, 07 May 2026 14:58:44 GMT"", ""etag"": ""W/\""8f4d8c1b96617c12a03b71cc8be7df38\"""", ""last-modified"": ""Thu, 29 Jun 2023 12:01:58 GMT"", ""server"": ""AmazonS3"", ""vary"": ""Accept-Encoding"", ""via"": ""1.1 af9e6a17213cad7668051564f5836d2e.cloudfront.net (CloudFront)"", ""x-amz-cf-id"": ""2WwI_c09N7R0PjMLeGCxVfyWxZz_t3_x6v6Z9Q6HPWQoCh_VEwzevg=="", ""x-amz-cf-pop"": ""FCO50-P8"", ""x-amz-error-code"": ""NoSuchKey"", ""x-amz-error-detail-key"": ""/desktop/index.html"", ""x-amz-error-message"": ""The specified key does not exist."", ""x-cache"": ""Error from cloudfront""}",html_pages\client_dkitrxmdwoqruvsi_net_home.html.gz,,,,,
30,az24.vn,Viet Nam,https://az24.vn/,200,"{""cache-control"": ""max-age=60"", ""cf-cache-status"": ""REVALIDATED"", ""cf-ray"": ""9f811583f87fc630-MXP"", ""content-encoding"": ""br"", ""content-type"": ""text/html"", ""date"": ""Thu, 07 May 2026 14:58:40 GMT"", ""last-modified"": ""Thu, 07 May 2026 14:01:01 GMT"", ""nel"": ""{\""report_to\"":\""cf-nel\"",\""success_fraction\"":0.0,\""max_age\"":604800}"", ""report-to"": ""{\""group\"":\""cf-nel\"",\""max_age\"":604800,\""endpoints\"":[{\""url\"":\""https://a.nel.cloudflare.com/report/v4?s=nEU8EBBBNZcdlvKngwXisqRMo9SWkS2IBJTmaChiYu%2Bd3P%2BntSW262de6SZKvSrTJM4qTPJCXJSyn93S5GjqLiLO2oByBCAmiGlerXYJBRPtT%2Fz9U6UfOA8%3D\""}]}"", ""server"": ""cloudflare"", ""server-timing"": ""cfCacheStatus;desc=\""REVALIDATED\"", cfEdge;dur=11,cfOrigin;dur=883"", ""vary"": ""accept-encoding""}",html_pages\az24_vn_home.html.gz,https://az24.vn/xsmb-sxmb-xo-so-mien-bac.html,200,"{""cache-control"": ""max-age=60"", ""cf-cache-status"": ""REVALIDATED"", ""cf-ray"": ""9f81159bf985c630-MXP"", ""content-encoding"": ""br"", ""content-type"": ""text/html"", ""date"": ""Thu, 07 May 2026 14:58:44 GMT"", ""last-modified"": ""Thu, 07 May 2026 14:01:01 GMT"", ""nel"": ""{\""report_to\"":\""cf-nel\"",\""success_fraction\"":0.0,\""max_age\"":604800}"", ""report-to"": ""{\""group\"":\""cf-nel\"",\""max_age\"":604800,\""endpoints\"":[{\""url\"":\""https://a.nel.cloudflare.com/report/v4?s=mAGuNDdmL9%2FyhlKXebGI4JEAjRfftZT1w%2B7L%2FrhEhmtXzd3bareITV2H6bicB5aDllaMrTrL5iZB77Q5xVowvol0WwttBfR7s4vAKUmaw%2BIZgxMbqS3H23g%3D\""}]}"", ""server"": ""cloudflare"", ""server-timing"": ""cfCacheStatus;desc=\""REVALIDATED\"", cfEdge;dur=9,cfOrigin;dur=897"", ""vary"": ""accept-encoding""}",html_pages\az24_vn_internal.html.gz,
29,auto.drom.ru,Russian Federation,https://auto.drom.ru/,200,"{""cache-control"": ""no-cache=set-cookie, private"", ""connection"": ""keep-alive"", ""content-encoding"": ""br"", ""content-security-policy"": ""connect-src 'self' https://*.drom.ru https://*.rdrom.ru https://*.farpost.ru https://www.dvhab.ru https://nps.vl.ru https://sw.flavii.ru https://dante.flavii.ru https://yandex.ru https://mc.yandex.ru https://mc.yandex.md https://mc.yandex.com wss://mc.yandex.ru wss://mc.yandex.md wss://mc.yandex.com https://top-fwz1.mail.ru https://privacy-cs.mail.ru; report-uri https://counter.drom.ru/report/"", ""content-type"": ""text/html; charset=windows-1251"", ""date"": ""Thu, 07 May 2026 14:58:39 GMT"", ""expires"": """", ""keep-alive"": ""timeout=15"", ""last-modified"": ""Fri, 08 May 2026 00:58:39 GMT"", ""pragma"": """", ""referrer-policy"": ""no-referrer-when-downgrade"", ""server"": ""QRATOR"", ""set-cookie"": ""ring=f2cd9e0CZ5WuqEaDSkZ2ym03Y8U0w0a8; expires=Fri, 07 May 2027 14:58:39 GMT; Max-Age=31536000; path=/; domain=.drom.ru\nsegSession=IjcyMTYwMjJhMGI0ODRlZDE5NmE5YWU1MmYxZWZiMTMxbm90QXV0aGYyY2Q5ZTBDWjVXdXFFYURTa1oyeW0wM1k4VTB3MGE4Il82ODdkMDNiYjU4Y2I1NTMyNGU5ZTNjYmFjYjMyZjNkOA; expires=Thu, 07 May 2026 22:00:00 GMT; Max-Age=25281; path=/; domain=.drom.ru\nveryFirstHit=1; expires=Thu, 07 May 2026 15:58:39 GMT; Max-Age=3600; path=/; domain=.drom.ru\ncookie_cityid=0; expires=Wed, 16 Feb 2028 14:58:39 GMT; Max-Age=56160000; path=/; domain=.drom.ru\ncookie_regionid=0; expires=Wed, 16 Feb 2028 14:58:39 GMT; Max-Age=56160000; path=/; domain=.drom.ru\nmy_geo=77; expires=Sun, 10 May 2026 14:58:39 GMT; Max-Age=259200; path=/; domain=.drom.ru\ndr_df=1; path=/; domain=.drom.ru"", ""transfer-encoding"": ""chunked"", ""vary"": ""Accept""}",html_pages\auto_drom_ru_home.html.gz,https://auto.drom.ru/spec/,200,"{""cache-control"": ""no-cache, private"", ""connection"": ""keep-alive"", ""content-encoding"": ""br"", ""content-security-policy"": ""connect-src 'self' https://*.drom.ru https://*.rdrom.ru https://*.farpost.ru https://www.dvhab.ru https://nps.vl.ru https://sw.flavii.ru https://dante.flavii.ru https://yandex.ru https://mc.yandex.ru https://mc.yandex.md https://mc.yandex.com wss://mc.yandex.ru wss://mc.yandex.md wss://mc.yandex.com https://top-fwz1.mail.ru https://privacy-cs.mail.ru; report-uri https://counter.drom.ru/report/"", ""content-type"": ""text/html; charset=windows-1251"", ""date"": ""Thu, 07 May 2026 14:58:43 GMT"", ""keep-alive"": ""timeout=15"", ""referrer-policy"": ""no-referrer-when-downgrade"", ""server"": ""QRATOR"", ""set-cookie"": ""segSession=IjcyMTYwMjJhMGI0ODRlZDE5NmE5YWU1MmYxZWZiMTMxbm90QXV0aGYyY2Q5ZTBDWjVXdXFFYURTa1oyeW0wM1k4VTB3MGE4Il82ODdkMDNiYjU4Y2I1NTMyNGU5ZTNjYmFjYjMyZjNkOA; expires=Thu, 07 May 2026 22:00:00 GMT; Max-Age=25277; path=/; domain=.drom.ru\nspec_nps_tracking_context=eyJhIjpmYWxzZSwiYiI6ZmFsc2UsImMiOltdfQ%3D%3D; expires=Sat, 06 Jun 2026 14:58:43 GMT; Max-Age=2592000; path=/; domain=.drom.ru"", ""transfer-encoding"": ""chunked"", ""vary"": ""Accept""}",html_pages\auto_drom_ru_internal.html.gz,
59,clever.com,Global,https://www.clever.com/,403,"{""alt-svc"": ""h3=\"":443\""; ma=86400"", ""cf-cache-status"": ""BYPASS"", ""cf-ray"": ""9f8115a66f72ea62-FCO"", ""content-encoding"": ""br"", ""content-type"": ""text/html"", ""date"": ""Thu, 07 May 2026 14:58:45 GMT"", ""server"": ""cloudflare"", ""set-cookie"": ""__cf_bm=vZBWpbLKaOcNkx.3FmWeRkWXSFBa__r2Ps0T0cqGAig-1778165924.8634996-1.0.1.1-L3QWScGxuc8dJmIPCj7RTrloqUGHpPToNOJ13nIHvvLwV_tCqBhu6HFfHHp7CsZJwfdF0Rmoja0ehnWautQLIjSCtl1Bp2jB.FSHgOHFMQRuNUosgZlwmfc27sosrax_; HttpOnly; Secure; Path=/; Domain=www.clever.com; Expires=Thu, 07 May 2026 15:28:45 GMT"", ""vary"": ""Accept-Encoding""}",html_pages\clever_com_home.html.gz,,,,,
24,as.com,Global,https://as.com/,200,"{""cache-control"": ""private, max-age=60"", ""content-encoding"": ""gzip"", ""content-length"": ""100527"", ""content-security-policy"": ""upgrade-insecure-requests, frame-ancestors 'self' https://as.com https://argentina.as.com https://chile.as.com https://colombia.as.com https://en.as.com https://mexico.as.com https://peru.as.com https://us.as.com https://apuestas.as.com"", ""content-type"": ""text/html; charset=utf-8"", ""date"": ""Thu, 07 May 2026 14:58:38 GMT"", ""etag"": ""W/\""c2c9d-9u1zVhrrUbvGFVHzPN92eLEh5x4\"""", ""expires"": ""Thu, 07 May 2026 14:59:38 GMT"", ""last-modified"": ""Thu, 07 May 2026 14:57:36 GMT"", ""server"": ""openresty"", ""set-cookie"": ""arc-geo={\""georegion\"":\""110\"",\""countrycode\"":\""IT\"",\""regioncode\"":\""88\"",\""timezone\"":\""GMT+1\"",\""continent\"":\""EU\""}; expires=Thu, 07-May-2026 15:13:38 GMT; path=/\nastz=IT; path=/; domain=.as.com\nhpage=ES; expires=Fri, 07-May-2027 14:58:38 GMT; path=/; domain=.as.com"", ""vary"": ""Accept-Encoding"", ""x-arc-edgecontroller"": ""1.7.0"", ""x-arc-pb-edge"": ""0"", ""x-arc-pb-mx-id"": ""00000000"", ""x-arc-pb-request-id"": ""d3bee25d-58dd-4cd2-863f-68f00111a0a8"", ""x-arc-request-id"": ""0.62f645f.1778165918.13e656bc"", ""x-arc-ttl"": ""120""}",html_pages\as_com_home.html.gz,https://as.com/resultados/,200,"{""accept-ranges"": ""bytes"", ""access-control-allow-origin"": ""*"", ""cache-control"": ""private, no-cache, no-store, must-revalidate"", ""content-encoding"": ""gzip"", ""content-length"": ""80455"", ""content-security-policy"": ""upgrade-insecure-requests, frame-ancestors 'self' https://as.com https://argentina.as.com https://chile.as.com https://colombia.as.com https://en.as.com https://mexico.as.com https://peru.as.com https://us.as.com https://apuestas.as.com"", ""content-type"": ""text/html; charset=UTF-8"", ""date"": ""Thu, 07 May 2026 14:58:43 GMT"", ""expires"": ""Thu, 07 May 2026 14:58:43 GMT"", ""vary"": ""Accept-Encoding"", ""vcl-version"": ""375"", ""x-arc-edgecontroller"": ""1.7.0"", ""x-arc-request-id"": ""0.62f645f.1778165923.13e67eab"", ""x-arc-ttl"": ""-1"", ""x-cache-hits"": ""1"", ""x-platform"": ""aws-scores"", ""x-served-by"": ""cache-lin1730074-LIN""}",html_pages\as_com_internal.html.gz,
62,cn.pornhub.com,Global,,,,,,,,,"RuntimeError: https: Error: Page.goto: net::ERR_CONNECTION_RESET at https://cn.pornhub.com/
Call log:
  - navigating to ""https://cn.pornhub.com/"", waiting until ""load""
 ; http: Error: Page.goto: net::ERR_CONNECTION_RESET at http://cn.pornhub.com/
Call log:
  - navigating to ""http://cn.pornhub.com/"", waiting until ""load""
"
47,business.google.com,Global,https://consent.google.com/m?continue=https://www.google.com/business/?ppsrc%3DGPDA2&gl=IT&m=0&pc=acm&cm=2&hl=en-US&src=1,200,"{""accept-ch"": ""Sec-CH-UA-Arch, Sec-CH-UA-Bitness, Sec-CH-UA-Full-Version, Sec-CH-UA-Full-Version-List, Sec-CH-UA-Model, Sec-CH-UA-WoW64, Sec-CH-UA-Form-Factors, Sec-CH-UA-Platform, Sec-CH-UA-Platform-Version"", ""alt-svc"": ""h3=\"":443\""; ma=2592000,h3-29=\"":443\""; ma=2592000"", ""cache-control"": ""no-cache, no-store, max-age=0, must-revalidate"", ""content-encoding"": ""gzip"", ""content-security-policy"": ""require-trusted-types-for 'script';report-uri /_/ConsentUi/cspreport, script-src 'report-sample' 'nonce-ij_Nemf1lUosjSu5iCyXdA' 'unsafe-inline';object-src 'none';base-uri 'self';report-uri /_/ConsentUi/cspreport;worker-src 'self', script-src 'unsafe-inline' 'unsafe-eval' blob: data: 'self' https://apis.google.com https://ssl.gstatic.com https://www.google.com https://www.googletagmanager.com https://www.gstatic.com https://www.google-analytics.com https://ssl.gstatic.com/external_hosted/lottie/lottie_light.js https://www.google.com/tools/feedback/ https://www.gstatic.com/feedback/js/ https://www.gstatic.com/inproduct_help/ https://www.gstatic.com/support/content/ https://www.gstatic.com/uservoice/feedback/client/web/live/ https://www.gstatic.com/uservoice/surveys/resources/prod/js/survey/ https://support.google.com/inapp/;report-uri /_/ConsentUi/cspreport/allowlist"", ""content-type"": ""text/html; charset=utf-8"", ""cross-origin-opener-policy"": ""unsafe-none"", ""cross-origin-resource-policy"": ""same-site"", ""date"": ""Thu, 07 May 2026 14:58:43 GMT"", ""expires"": ""Mon, 01 Jan 1990 00:00:00 GMT"", ""p3p"": ""CP=\""This is not a P3P policy! See g.co/p3phelp for more info.\"""", ""permissions-policy"": ""ch-ua-arch=*, ch-ua-bitness=*, ch-ua-full-version=*, ch-ua-full-version-list=*, ch-ua-model=*, ch-ua-wow64=*, ch-ua-form-factors=*, ch-ua-platform=*, ch-ua-platform-version=*"", ""pragma"": ""no-cache"", ""reporting-endpoints"": ""default=\""/_/ConsentUi/web-reports?context=eJwNw00og3EYAPD15HmSHCTFViSlMNY72XaQrxRh777s4iMrbdhlY3spLC7sQJGQi5KPi5ocXKYlW8JOe8NWe99RFqYdHDg4Ofj_6lcUhoYilaKnTqU4rYpAmBUbIxBcjEDnsAQJpwQvbPuFBEY2y8ugNMlQx6aDMiRiMgRbMjB7mIHe1jeorP-AgvMP0Fpz8Lefg9fyT_gO5EGzmYdVKYF77Fm3iFcWEYUjEYPsGrvPZu5F1FY_YjcbVzyhryKJK2zUmMTlkRROedP4s5DGssU03nZJeKCWcXIpg-raZwzE--hkrJ92DwYo18TTr5-nQoGnoW2eRtnAmInW2fiOiWT2nf1ls9dmepTNVPBlpokhC821WGnrxkq1r1ZKtdlozW8jQ8hGl9WDlAoN0pXeTh13dkpGdcrS4sLjhx-RSsLPGzGoUY97Zxxup8sjuIX5CZ_XI7g8zlm33-Wbc_kczVyzntNxOg1ncExz_8lclXI\"""", ""server"": ""ESF"", ""set-cookie"": ""__Secure-ENID=33.SE=iBaT82AuIixBlslQzyHJkNMTwL5L58dfOi5URcoG6r_SE16mfFSp-DOvrFFveFubClL-ExU0zgWJ6oSq7tcLBJvkMq8Evl1nUb_OjohRe8PU0Dqs0z4BYfQOwkApHR0gV8oNcPenfKlGms-dr8iF9N4FLa15VIT9YCih20332fF5NCXZ7voo0ULaEw1f5Qd5XKjT0eaeckQbpjpSudTrV0oLnuz-w_lkJW9LNFRyn49otCgrsItQIYA; expires=Mon, 07-Jun-2027 07:17:01 GMT; path=/; domain=.google.com; Secure; HttpOnly; SameSite=lax"", ""x-content-type-options"": ""nosniff"", ""x-frame-options"": ""SAMEORIGIN"", ""x-ua-compatible"": ""IE=edge"", ""x-xss-protection"": ""0""}",html_pages\business_google_com_home.html.gz,https://consent.google.com/d?continue=https://www.google.com/business/?ppsrc%3DGPDA2&gl=IT&hl=en-US&cm=2&pc=acm&src=1&escs=AZ8E49CeMlhg-yoJSpsanWwZIVA742Ga5IXC1-Nv-Jl5YojzFps62j1m_RBzlWzAswf_fivUf-OGEbqO93L7twG6nYe5HYglaMqn,200,"{""accept-ch"": ""Sec-CH-UA-Arch, Sec-CH-UA-Bitness, Sec-CH-UA-Full-Version, Sec-CH-UA-Full-Version-List, Sec-CH-UA-Model, Sec-CH-UA-WoW64, Sec-CH-UA-Form-Factors, Sec-CH-UA-Platform, Sec-CH-UA-Platform-Version"", ""alt-svc"": ""h3=\"":443\""; ma=2592000,h3-29=\"":443\""; ma=2592000"", ""cache-control"": ""no-cache, no-store, max-age=0, must-revalidate"", ""content-encoding"": ""gzip"", ""content-security-policy"": ""require-trusted-types-for 'script';report-uri /_/ConsentUi/cspreport, script-src 'report-sample' 'nonce-WIvTRrXaAeWb0h3zd6LMsg' 'unsafe-inline';object-src 'none';base-uri 'self';report-uri /_/ConsentUi/cspreport;worker-src 'self', script-src 'unsafe-inline' 'unsafe-eval' blob: data: 'self' https://apis.google.com https://ssl.gstatic.com https://www.google.com https://www.googletagmanager.com https://www.gstatic.com https://www.google-analytics.com https://ssl.gstatic.com/external_hosted/lottie/lottie_light.js https://www.google.com/tools/feedback/ https://www.gstatic.com/feedback/js/ https://www.gstatic.com/inproduct_help/ https://www.gstatic.com/support/content/ https://www.gstatic.com/uservoice/feedback/client/web/live/ https://www.gstatic.com/uservoice/surveys/resources/prod/js/survey/ https://support.google.com/inapp/;report-uri /_/ConsentUi/cspreport/allowlist"", ""content-type"": ""text/html; charset=utf-8"", ""cross-origin-opener-policy"": ""unsafe-none"", ""cross-origin-resource-policy"": ""same-site"", ""date"": ""Thu, 07 May 2026 14:58:45 GMT"", ""expires"": ""Mon, 01 Jan 1990 00:00:00 GMT"", ""permissions-policy"": ""ch-ua-arch=*, ch-ua-bitness=*, ch-ua-full-version=*, ch-ua-full-version-list=*, ch-ua-model=*, ch-ua-wow64=*, ch-ua-form-factors=*, ch-ua-platform=*, ch-ua-platform-version=*"", ""pragma"": ""no-cache"", ""reporting-endpoints"": ""default=\""/_/ConsentUi/web-reports?context=eJwNw00og3EYAPD15Hlay0FSWJGUGkMv2XaQrxRh72azi4-stI1dNraXwuLCDiQJuSgfcVCTgwstmYSd9oat9r6jtjA5OHCQg4P_r36qM6hSqRUdGrXiqDQMZ6xYHYbgbBhaBySIOSR4ZptPJTCyGV6GYpMMGjYZlCF2JUOwIQWTeynobHyBkso3yDl5gzpLFv62s5AufIevwAfUrn7AohTDLfa4XcSLXhGFfRGD7BK7zabuRKwre8B2Nqp4RF9RHBfYiDGO84MJHPMm8XsmiQWzSbxpk3BHK-PoXAq1FU8YiHbRwXA3be70ULaGpx8_T0qBp_51nobYwLCJltnoholk9pX9YTOXZnqQzZTzaSZXfy9NNVho7dpCFWkLJZqstOS3kiFkpfOyPkqE-uhCb6OWWxvFI7ri_Fzl4f23SHm_u6EVKNeOeCfsbofTI7iFaZfP6xGcHsek2-_0TTl99nquXs_pOF0tZ7CPc__G5JVi\"""", ""server"": ""ESF"", ""x-content-type-options"": ""nosniff"", ""x-frame-options"": ""SAMEORIGIN"", ""x-ua-compatible"": ""IE=edge"", ""x-xss-protection"": ""0""}",html_pages\business_google_com_internal.html.gz,
65,cz.pornhub.com,Global,,,,,,,,,"RuntimeError: https: Error: Page.goto: net::ERR_CONNECTION_RESET at https://cz.pornhub.com/
Call log:
  - navigating to ""https://cz.pornhub.com/"", waiting until ""load""
 ; http: Error: Page.goto: net::ERR_CONNECTION_RESET at http://cz.pornhub.com/
Call log:
  - navigating to ""http://cz.pornhub.com/"", waiting until ""load""
"
